x,y,z,score,score_d
0,0,0,231,26202500
78000,0,0,465,23575900
79000,0,0,465,23331600
80000,0,0,465,23094100
81000,0,0,465,22863500
82000,0,0,465,22640200
128000,0,0,465,22640200
129000,0,0,465,22863500
130000,0,0,465,23094100
131000,0,0,465,23331600
132000,0,0,465,23575900
210000,0,0,234,26542800
105000,43000,0,0,0
104975,42956.8,0,0,0
105025,42956.8,0,0,0
105000,42913.6,0,0,0
100,0,0,696,78883500
200,0,0,696,78819100
300,0,0,696,78754700
400,0,0,696,78690300
500,0,0,696,78625900
600,0,0,696,78561500
700,0,0,696,78497200
800,0,0,696,78432800
900,0,0,696,78368400
1000,0,0,696,78304100
1100,0,0,696,78239800
1200,0,0,696,78175400
1300,0,0,696,78111100
1400,0,0,696,78046800
1500,0,0,696,77982500
1600,0,0,696,77918200
1700,0,0,696,77854000
1800,0,0,696,77789700
1900,0,0,696,77725400
2000,0,0,696,77661200
2100,0,0,696,77596900
2200,0,0,696,77532700
2300,0,0,696,77468500
2400,0,0,696,77404300
2500,0,0,696,77340100
2600,0,0,696,77275900
2700,0,0,696,77211700
2800,0,0,696,77147500
2900,0,0,696,77083300
3000,0,0,696,77019200
3100,0,0,696,76955000
3200,0,0,696,76890900
3300,0,0,696,76826800
3400,0,0,696,76762600
3500,0,0,696,76698500
3600,0,0,696,76634400
3700,0,0,696,76570300
3800,0,0,696,76506300
3900,0,0,696,76442200
4000,0,0,696,76378100
4100,0,0,696,76314100
4200,0,0,696,76250000
4300,0,0,696,76186000
4400,0,0,696,76122000
4500,0,0,696,76058000
4600,0,0,696,75993900
4700,0,0,696,75930000
4800,0,0,696,75866000
4900,0,0,696,75802000
5000,0,0,696,75738000
5100,0,0,696,75674100
5200,0,0,696,75610100
5300,0,0,696,75546200
5400,0,0,696,75482300
5500,0,0,696,75418400
5600,0,0,696,75354500
5700,0,0,696,75290600
5800,0,0,696,75226700
5900,0,0,696,75162800
6000,0,0,696,75098900
6100,0,0,696,75035100
6200,0,0,696,74971200
6300,0,0,696,74907400
6400,0,0,696,74843600
6500,0,0,696,74779800
6600,0,0,696,74716000
6700,0,0,696,74652200
6800,0,0,696,74588400
6900,0,0,696,74524600
7000,0,0,696,74460900
7100,0,0,696,74397100
7200,0,0,696,74333400
7300,0,0,696,74269600
7400,0,0,696,74205900
7500,0,0,696,74142200
7600,0,0,696,74078500
7700,0,0,696,74014800
7800,0,0,696,73951200
7900,0,0,696,73887500
8000,0,0,696,73823800
8100,0,0,696,73760200
8200,0,0,696,73696600
8300,0,0,696,73632900
8400,0,0,696,73569300
8500,0,0,696,73505700
8600,0,0,696,73442100
8700,0,0,696,73378600
8800,0,0,696,73315000
8900,0,0,696,73251400
9000,0,0,696,73187900
9100,0,0,696,73124400
9200,0,0,696,73060800
9300,0,0,696,72997300
9400,0,0,696,72933800
9500,0,0,696,72870300
9600,0,0,696,72806800
9700,0,0,696,72743400
9800,0,0,696,72679900
9900,0,0,696,72616500
10000,0,0,696,72553000
10100,0,0,696,72489600
10200,0,0,696,72426200
10300,0,0,696,72362800
10400,0,0,696,72299400
10500,0,0,696,72236000
10600,0,0,696,72172700
10700,0,0,696,72109300
10800,0,0,696,72046000
10900,0,0,696,71982600
11000,0,0,696,71919300
11100,0,0,696,71856000
11200,0,0,696,71792700
11300,0,0,696,71729400
11400,0,0,696,71666200
11500,0,0,696,71602900
11600,0,0,696,71539600
11700,0,0,696,71476400
11800,0,0,696,71413200
11900,0,0,696,71350000
12000,0,0,696,71286800
12100,0,0,696,71223600
12200,0,0,696,71160400
12300,0,0,696,71097200
12400,0,0,696,71034100
12500,0,0,696,70970900
12600,0,0,696,70907800
12700,0,0,696,70844700
12800,0,0,696,70781600
12900,0,0,696,70718500
13000,0,0,696,70655400
13100,0,0,696,70592300
13200,0,0,696,70529300
13300,0,0,696,70466200
13400,0,0,696,70403200
13500,0,0,696,70340200
13600,0,0,696,70277200
13700,0,0,696,70214200
13800,0,0,696,70151200
13900,0,0,696,70088200
14000,0,0,696,70025300
14100,0,0,696,69962300
14200,0,0,696,69899400
14300,0,0,696,69836500
14400,0,0,696,69773600
14500,0,0,696,69710700
14600,0,0,696,69647800
14700,0,0,696,69584900
14800,0,0,696,69522100
14900,0,0,696,69459200
15000,0,0,696,69396400
15100,0,0,696,69333600
15200,0,0,696,69270800
15300,0,0,696,69208000
15400,0,0,696,69145200
15500,0,0,696,69082400
15600,0,0,696,69019700
15700,0,0,696,68956900
15800,0,0,696,68894200
15900,0,0,696,68831500
16000,0,0,696,68768800
16100,0,0,696,68706100
16200,0,0,696,68643400
16300,0,0,696,68580800
16400,0,0,696,68518100
16500,0,0,696,68455500
16600,0,0,696,68392900
16700,0,0,696,68330300
16800,0,0,696,68267700
16900,0,0,696,68205100
17000,0,0,696,68142500
17100,0,0,696,68080000
17200,0,0,696,68017500
17300,0,0,696,67954900
17400,0,0,696,67892400
17500,0,0,696,67829900
17600,0,0,696,67767400
17700,0,0,696,67705000
17800,0,0,696,67642500
17900,0,0,696,67580100
18000,0,0,696,67517700
18100,0,0,696,67455200
18200,0,0,696,67392800
18300,0,0,696,67330500
18400,0,0,696,67268100
18500,0,0,696,67205700
18600,0,0,696,67143400
18700,0,0,696,67081100
18800,0,0,696,67018800
18900,0,0,696,66956500
19000,0,0,696,66894200
19100,0,0,696,66831900
19200,0,0,696,66769600
19300,0,0,696,66707400
19400,0,0,696,66645200
19500,0,0,696,66583000
19600,0,0,696,66520800
19700,0,0,696,66458600
19800,0,0,696,66396400
19900,0,0,696,66334300
20000,0,0,696,66272100
20100,0,0,696,66210000
20200,0,0,696,66147900
20300,0,0,696,66085800
20400,0,0,696,66023700
20500,0,0,696,65961700
20600,0,0,696,65899600
20700,0,0,696,65837600
20800,0,0,696,65775600
20900,0,0,696,65713600
21000,0,0,696,65651600
21100,0,0,696,65589600
21200,0,0,696,65527600
21300,0,0,696,65465700
21400,0,0,696,65403800
21500,0,0,696,65341900
21600,0,0,696,65280000
21700,0,0,696,65218100
21800,0,0,696,65156200
21900,0,0,696,65094400
22000,0,0,696,65032500
22100,0,0,696,64970700
22200,0,0,696,64908900
22300,0,0,696,64847100
22400,0,0,696,64785400
22500,0,0,696,64723600
22600,0,0,696,64661900
22700,0,0,696,64600200
22800,0,0,696,64538400
22900,0,0,696,64476800
23000,0,0,696,64415100
23100,0,0,696,64353400
23200,0,0,696,64291800
23300,0,0,696,64230200
23400,0,0,696,64168500
23500,0,0,696,64107000
23600,0,0,696,64045400
23700,0,0,696,63983800
23800,0,0,696,63922300
23900,0,0,696,63860700
24000,0,0,696,63799200
24100,0,0,696,63737700
24200,0,0,696,63676300
24300,0,0,696,63614800
24400,0,0,696,63553400
24500,0,0,696,63491900
24600,0,0,696,63430500
24700,0,0,696,63369100
24800,0,0,696,63307800
24900,0,0,696,63246400
25000,0,0,696,63185100
25100,0,0,696,63123700
25200,0,0,696,63062400
25300,0,0,696,63001100
25400,0,0,696,62939900
25500,0,0,696,62878600
25600,0,0,696,62817400
25700,0,0,696,62756200
25800,0,0,696,62694900
25900,0,0,696,62633800
26000,0,0,696,62572600
26100,0,0,696,62511400
26200,0,0,696,62450300
26300,0,0,696,62389200
26400,0,0,696,62328100
26500,0,0,696,62267000
26600,0,0,696,62206000
26700,0,0,696,62144900
26800,0,0,696,62083900
26900,0,0,696,62022900
27000,0,0,696,61961900
27100,0,0,696,61900900
27200,0,0,696,61840000
27300,0,0,696,61779000
27400,0,0,696,61718100
27500,0,0,696,61657200
27600,0,0,696,61596300
27700,0,0,696,61535500
27800,0,0,696,61474600
27900,0,0,696,61413800
28000,0,0,696,61353000
28100,0,0,696,61292200
28200,0,0,696,61231500
28300,0,0,696,61170700
28400,0,0,696,61110000
28500,0,0,696,61049300
28600,0,0,696,60988600
28700,0,0,696,60927900
28800,0,0,696,60867200
28900,0,0,696,60806600
29000,0,0,696,60746000
29100,0,0,696,60685400
29200,0,0,696,60624800
29300,0,0,696,60564300
29400,0,0,696,60503700
29500,0,0,696,60443200
29600,0,0,696,60382700
29700,0,0,696,60322200
29800,0,0,696,60261800
29900,0,0,696,60201300
30000,0,0,696,60140900
30100,0,0,696,60080500
30200,0,0,696,60020100
30300,0,0,696,59959800
30400,0,0,696,59899400
30500,0,0,696,59839100
30600,0,0,696,59778800
30700,0,0,696,59718500
30800,0,0,696,59658300
30900,0,0,696,59598000
31000,0,0,696,59537800
31100,0,0,696,59477600
31200,0,0,696,59417400
31300,0,0,696,59357300
31400,0,0,696,59297100
31500,0,0,696,59237000
31600,0,0,696,59176900
31700,0,0,696,59116900
31800,0,0,696,59056800
31900,0,0,696,58996800
32000,0,0,696,58936800
32100,0,0,696,58876800
32200,0,0,696,58816800
32300,0,0,696,58756900
32400,0,0,696,58696900
32500,0,0,696,58637000
32600,0,0,696,58577100
32700,0,0,696,58517300
32800,0,0,696,58457400
32900,0,0,696,58397600
33000,0,0,696,58337800
33100,0,0,696,58278100
33200,0,0,696,58218300
33300,0,0,696,58158600
33400,0,0,696,58098900
33500,0,0,696,58039200
33600,0,0,696,57979500
33700,0,0,696,57919900
33800,0,0,696,57860200
33900,0,0,696,57800600
34000,0,0,696,57741100
34100,0,0,696,57681500
34200,0,0,696,57622000
34300,0,0,696,57562500
34400,0,0,696,57503000
34500,0,0,696,57443500
34600,0,0,696,57384100
34700,0,0,696,57324700
34800,0,0,696,57265300
34900,0,0,696,57205900
35000,0,0,696,57146500
35100,0,0,696,57087200
35200,0,0,696,57027900
35300,0,0,696,56968600
35400,0,0,696,56909400
35500,0,0,696,56850200
35600,0,0,696,56790900
35700,0,0,696,56731800
35800,0,0,696,56672600
35900,0,0,696,56613500
36000,0,0,696,56554300
36100,0,0,696,56495300
36200,0,0,696,56436200
36300,0,0,696,56377100
36400,0,0,696,56318100
36500,0,0,696,56259100
36600,0,0,696,56200200
36700,0,0,696,56141200
36800,0,0,696,56082300
36900,0,0,696,56023400
37000,0,0,696,55964500
37100,0,0,696,55905700
37200,0,0,696,55846900
37300,0,0,696,55788100
37400,0,0,696,55729300
37500,0,0,696,55670500
37600,0,0,696,55611800
37700,0,0,696,55553100
37800,0,0,696,55494500
37900,0,0,696,55435800
38000,0,0,696,55377200
38100,0,0,696,55318600
38200,0,0,696,55260000
38300,0,0,696,55201500
38400,0,0,696,55143000
38500,0,0,696,55084500
38600,0,0,696,55026000
38700,0,0,696,54967600
38800,0,0,696,54909100
38900,0,0,696,54850700
39000,0,0,696,54792400
39100,0,0,696,54734000
39200,0,0,696,54675700
39300,0,0,696,54617500
39400,0,0,696,54559200
39500,0,0,696,54501000
39600,0,0,696,54442800
39700,0,0,696,54384600
39800,0,0,696,54326400
39900,0,0,696,54268300
40000,0,0,696,54210200
40100,0,0,696,54152100
40200,0,0,696,54094100
40300,0,0,696,54036100
40400,0,0,696,53978100
40500,0,0,696,53920100
40600,0,0,696,53862200
40700,0,0,696,53804300
40800,0,0,696,53746400
40900,0,0,696,53688600
41000,0,0,696,53630700
41100,0,0,696,53573000
41200,0,0,696,53515200
41300,0,0,696,53457500
41400,0,0,696,53399700
41500,0,0,696,53342100
41600,0,0,696,53284400
41700,0,0,696,53226800
41800,0,0,696,53169200
41900,0,0,696,53111600
42000,0,0,696,53054100
42100,0,0,696,52996600
42200,0,0,696,52939100
42300,0,0,696,52881700
42400,0,0,696,52824200
42500,0,0,696,52766800
42600,0,0,696,52709500
42700,0,0,696,52652100
42800,0,0,696,52594800
42900,0,0,696,52537600
43000,0,0,696,52480300
43100,0,0,696,52423100
43200,0,0,696,52365900
43300,0,0,696,52308800
43400,0,0,696,52251700
43500,0,0,696,52194600
43600,0,0,696,52137500
43700,0,0,696,52080500
43800,0,0,696,52023500
43900,0,0,696,51966500
44000,0,0,696,51909500
44100,0,0,696,51852600
44200,0,0,696,51795800
44300,0,0,696,51738900
44400,0,0,696,51682100
44500,0,0,696,51625300
44600,0,0,696,51568600
44700,0,0,696,51511800
44800,0,0,696,51455100
44900,0,0,696,51398500
45000,0,0,696,51341900
45100,0,0,696,51285300
45200,0,0,696,51228700
45300,0,0,696,51172200
45400,0,0,696,51115700
45500,0,0,696,51059200
45600,0,0,696,51002800
45700,0,0,696,50946400
45800,0,0,696,50890000
45900,0,0,696,50833700
46000,0,0,696,50777400
46100,0,0,696,50721100
46200,0,0,696,50664900
46300,0,0,696,50608700
46400,0,0,696,50552500
46500,0,0,696,50496400
46600,0,0,696,50440300
46700,0,0,696,50384200
46800,0,0,696,50328100
46900,0,0,696,50272100
47000,0,0,696,50216200
47100,0,0,696,50160200
47200,0,0,696,50104300
47300,0,0,696,50048500
47400,0,0,696,49992700
47500,0,0,696,49936900
47600,0,0,696,49881100
47700,0,0,696,49825400
47800,0,0,696,49769700
47900,0,0,696,49714000
48000,0,0,696,49658400
48100,0,0,696,49602800
48200,0,0,696,49547300
48300,0,0,696,49491800
48400,0,0,696,49436300
48500,0,0,696,49380800
48600,0,0,696,49325400
48700,0,0,696,49270100
48800,0,0,696,49214700
48900,0,0,696,49159400
49000,0,0,696,49104200
49100,0,0,696,49048900
49200,0,0,696,48993700
49300,0,0,696,48938600
49400,0,0,696,48883500
49500,0,0,696,48828400
49600,0,0,696,48773300
49700,0,0,696,48718300
49800,0,0,696,48663400
49900,0,0,696,48608400
50000,0,0,696,48553600
50100,0,0,696,48498700
50200,0,0,696,48443900
50300,0,0,696,48389100
50400,0,0,696,48334400
50500,0,0,696,48279700
50600,0,0,696,48225000
50700,0,0,696,48170400
50800,0,0,696,48115800
50900,0,0,696,48061200
51000,0,0,696,48006700
51100,0,0,696,47952300
51200,0,0,696,47897800
51300,0,0,696,47843400
51400,0,0,696,47789100
51500,0,0,696,47734800
51600,0,0,696,47680500
51700,0,0,696,47626300
51800,0,0,696,47572100
51900,0,0,696,47517900
52000,0,0,696,47463800
52100,0,0,696,47409700
52200,0,0,696,47355700
52300,0,0,696,47301700
52400,0,0,696,47247800
52500,0,0,696,47193900
52600,0,0,696,47140000
52700,0,0,696,47086200
52800,0,0,696,47032400
52900,0,0,696,46978600
53000,0,0,696,46924900
53100,0,0,696,46871300
53200,0,0,696,46817700
53300,0,0,696,46764100
53400,0,0,696,46710600
53500,0,0,696,46657100
53600,0,0,696,46603600
53700,0,0,696,46550200
53800,0,0,696,46496800
53900,0,0,696,46443500
54000,0,0,696,46390300
54100,0,0,696,46337000
54200,0,0,696,46283800
54300,0,0,696,46230700
54400,0,0,696,46177600
54500,0,0,696,46124500
54600,0,0,696,46071500
54700,0,0,696,46018500
54800,0,0,696,45965600
54900,0,0,696,45912700
55000,0,0,696,45859900
55100,0,0,696,45807100
55200,0,0,696,45754300
55300,0,0,696,45701600
55400,0,0,696,45649000
55500,0,0,696,45596400
55600,0,0,696,45543800
55700,0,0,696,45491300
55800,0,0,696,45438800
55900,0,0,696,45386400
56000,0,0,696,45334000
56100,0,0,696,45281700
56200,0,0,696,45229400
56300,0,0,696,45177100
56400,0,0,696,45124900
56500,0,0,696,45072800
56600,0,0,696,45020700
56700,0,0,696,44968600
56800,0,0,696,44916600
56900,0,0,696,44864700
57000,0,0,696,44812800
57100,0,0,696,44760900
57200,0,0,696,44709100
57300,0,0,696,44657300
57400,0,0,696,44605600
57500,0,0,696,44553900
57600,0,0,696,44502300
57700,0,0,696,44450700
57800,0,0,696,44399200
57900,0,0,696,44347700
58000,0,0,696,44296300
58100,0,0,696,44245000
58200,0,0,696,44193600
58300,0,0,696,44142400
58400,0,0,696,44091100
58500,0,0,696,44040000
58600,0,0,696,43988800
58700,0,0,696,43937800
58800,0,0,696,43886700
58900,0,0,696,43835800
59000,0,0,696,43784900
59100,0,0,696,43734000
59200,0,0,696,43683200
59300,0,0,696,43632400
59400,0,0,696,43581700
59500,0,0,696,43531000
59600,0,0,696,43480400
59700,0,0,696,43429900
59800,0,0,696,43379400
59900,0,0,696,43328900
60000,0,0,696,43278500
60100,0,0,696,43228200
60200,0,0,696,43177900
60300,0,0,696,43127700
60400,0,0,696,43077500
60500,0,0,696,43027400
60600,0,0,696,42977300
60700,0,0,696,42927300
60800,0,0,696,42877300
60900,0,0,696,42827400
61000,0,0,696,42777500
61100,0,0,696,42727800
61200,0,0,696,42678000
61300,0,0,696,42628300
61400,0,0,696,42578700
61500,0,0,696,42529100
61600,0,0,696,42479600
61700,0,0,696,42430100
61800,0,0,696,42380700
61900,0,0,696,42331400
62000,0,0,696,42282100
62100,0,0,696,42232800
62200,0,0,696,42183700
62300,0,0,696,42134500
62400,0,0,696,42085500
62500,0,0,696,42036500
62600,0,0,691,41685900
62700,0,0,465,28019400
62800,0,0,465,27986700
62900,0,0,465,27954100
63000,0,0,465,27921600
63100,0,0,465,27889100
63200,0,0,465,27856600
63300,0,0,465,27824200
63400,0,0,465,27791800
63500,0,0,465,27759500
63600,0,0,465,27727200
63700,0,0,465,27694900
63800,0,0,465,27662700
63900,0,0,465,27630500
64000,0,0,465,27598400
64100,0,0,465,27566300
64200,0,0,465,27534200
64300,0,0,465,27502200
64400,0,0,465,27470200
64500,0,0,465,27438300
64600,0,0,465,27406400
64700,0,0,465,27374500
64800,0,0,465,27342700
64900,0,0,465,27310900
65000,0,0,465,27279200
65100,0,0,465,27247500
65200,0,0,465,27215900
65300,0,0,465,27184300
65400,0,0,465,27152700
65500,0,0,465,27121200
65600,0,0,465,27089700
65700,0,0,465,27058300
65800,0,0,465,27026900
65900,0,0,465,26995600
66000,0,0,465,26964300
66100,0,0,465,26933000
66200,0,0,465,26901800
66300,0,0,465,26870700
66400,0,0,465,26839600
66500,0,0,465,26808500
66600,0,0,465,26777400
66700,0,0,465,26746500
66800,0,0,465,26715500
66900,0,0,465,26684600
67000,0,0,465,26653800
67100,0,0,465,26623000
67200,0,0,465,26592200
67300,0,0,465,26561500
67400,0,0,465,26530800
67500,0,0,465,26500200
67600,0,0,465,26469600
67700,0,0,465,26439100
67800,0,0,465,26408600
67900,0,0,465,26378200
68000,0,0,465,26347800
68100,0,0,465,26317500
68200,0,0,465,26287200
68300,0,0,465,26256900
68400,0,0,465,26226700
68500,0,0,465,26196600
68600,0,0,465,26166500
68700,0,0,465,26136400
68800,0,0,465,26106400
68900,0,0,465,26076500
69000,0,0,465,26046500
69100,0,0,465,26016700
69200,0,0,465,25986900
69300,0,0,465,25957100
69400,0,0,465,25927400
69500,0,0,465,25897700
69600,0,0,465,25868100
69700,0,0,465,25838600
69800,0,0,465,25809000
69900,0,0,465,25779600
70000,0,0,465,25750200
70100,0,0,465,25720800
70200,0,0,465,25691500
70300,0,0,465,25662200
70400,0,0,465,25633000
70500,0,0,465,25603800
70600,0,0,465,25574700
70700,0,0,465,25545700
70800,0,0,465,25516700
70900,0,0,465,25487700
71000,0,0,465,25458800
71100,0,0,465,25430000
71200,0,0,465,25401200
71300,0,0,465,25372400
71400,0,0,465,25343700
71500,0,0,465,25315100
71600,0,0,465,25286500
71700,0,0,465,25258000
71800,0,0,465,25229500
71900,0,0,465,25201100
72000,0,0,465,25172700
72100,0,0,465,25144400
72200,0,0,465,25116100
72300,0,0,465,25087900
72400,0,0,465,25059700
72500,0,0,465,25031600
72600,0,0,465,25003600
72700,0,0,465,24975600
72800,0,0,465,24947700
72900,0,0,465,24919800
73000,0,0,465,24892000
73100,0,0,465,24864200
73200,0,0,465,24836500
73300,0,0,465,24808800
73400,0,0,465,24781200
73500,0,0,465,24753700
73600,0,0,465,24726200
73700,0,0,465,24698800
73800,0,0,465,24671400
73900,0,0,465,24644100
74000,0,0,465,24616800
74100,0,0,465,24589600
74200,0,0,465,24562500
74300,0,0,465,24535400
74400,0,0,465,24508400
74500,0,0,465,24481400
74600,0,0,465,24454500
74700,0,0,465,24427600
74800,0,0,465,24400800
74900,0,0,465,24374100
75000,0,0,465,24347400
75100,0,0,465,24320800
75200,0,0,465,24294300
75300,0,0,465,24267800
75400,0,0,465,24241300
75500,0,0,465,24215000
75600,0,0,465,24188700
75700,0,0,465,24162400
75800,0,0,465,24136200
75900,0,0,465,24110100
76000,0,0,465,24084000
76100,0,0,465,24058000
76200,0,0,465,24032100
76300,0,0,465,24006200
76400,0,0,465,23980400
76500,0,0,465,23954600
76600,0,0,465,23928900
76700,0,0,465,23903300
76800,0,0,465,23877700
76900,0,0,465,23852200
77000,0,0,465,23826800
77100,0,0,465,23801400
77200,0,0,465,23776100
77300,0,0,465,23750800
77400,0,0,465,23725700
77500,0,0,465,23700500
77600,0,0,465,23675500
77700,0,0,465,23650500
77800,0,0,465,23625600
77900,0,0,465,23600700
78100,0,0,465,23551200
78200,0,0,465,23526500
78300,0,0,465,23501900
78400,0,0,465,23477400
78500,0,0,465,23452900
78600,0,0,465,23428500
78700,0,0,465,23404200
78800,0,0,465,23379900
78900,0,0,465,23355700
79100,0,0,465,23307500
79200,0,0,465,23283500
79300,0,0,465,23259600
79400,0,0,465,23235800
79500,0,0,465,23212000
79600,0,0,465,23188200
79700,0,0,465,23164600
79800,0,0,465,23141000
79900,0,0,465,23117500
80100,0,0,465,23070700
80200,0,0,465,23047400
80300,0,0,465,23024200
80400,0,0,465,23001000
80500,0,0,465,22977900
80600,0,0,465,22954900
80700,0,0,465,22931900
80800,0,0,465,22909100
80900,0,0,465,22886300
80050.3,86.4322,0,0,0
80100.5,172.864,0,0,0
80150.8,259.297,0,0,0
80201,345.729,0,0,0
80251.3,432.161,0,0,0
80301.5,518.593,0,0,0
80351.8,605.025,0,0,0
80402,691.458,0,0,0
80452.3,777.89,0,0,0
80502.5,864.322,0,0,0
80552.8,950.754,0,0,0
80603,1037.19,0,0,0
80653.3,1123.62,0,0,0
80703.5,1210.05,0,0,0
80753.8,1296.48,0,0,0
80804,1382.92,0,0,0
80854.3,1469.35,0,0,0
80904.5,1555.78,0,0,0
80954.8,1642.21,0,0,0
81005,1728.64,0,0,0
81055.3,1815.08,0,0,0
81105.5,1901.51,0,0,0
81155.8,1987.94,0,0,0
81206,2074.37,0,0,0
81256.3,2160.8,0,0,0
81306.5,2247.24,0,0,0
81356.8,2333.67,0,0,0
81407,2420.1,0,0,0
81457.3,2506.53,0,0,0
81507.5,2592.97,0,0,0
81557.8,2679.4,0,0,0
81608,2765.83,0,0,0
81658.3,2852.26,0,0,0
81708.6,2938.69,0,0,0
81758.8,3025.13,0,0,0
81809.1,3111.56,0,0,0
81859.3,3197.99,0,0,0
81909.6,3284.42,0,0,0
81959.8,3370.86,0,0,0
82010.1,3457.29,0,0,0
82060.3,3543.72,0,0,0
82110.6,3630.15,0,0,0
82160.8,3716.58,0,0,0
82211.1,3803.02,0,0,0
82261.3,3889.45,0,0,0
82311.6,3975.88,0,0,0
82361.8,4062.31,0,0,0
82412.1,4148.75,0,0,0
82462.3,4235.18,0,0,0
82512.6,4321.61,0,0,0
82562.8,4408.04,0,0,0
82613.1,4494.47,0,0,0
82663.3,4580.91,0,0,0
82713.6,4667.34,0,0,0
82763.8,4753.77,0,0,0
82814.1,4840.2,0,0,0
82864.3,4926.64,0,0,0
82914.6,5013.07,0,0,0
82964.8,5099.5,0,0,0
83015.1,5185.93,0,0,0
83065.3,5272.36,0,0,0
83115.6,5358.8,0,0,0
83165.8,5445.23,0,0,0
83216.1,5531.66,0,0,0
83266.3,5618.09,0,0,0
83316.6,5704.52,0,0,0
83366.9,5790.96,0,0,0
83417.1,5877.39,0,0,0
83467.4,5963.82,0,0,0
83517.6,6050.25,0,0,0
83567.9,6136.69,0,0,0
83618.1,6223.12,0,0,0
83668.4,6309.55,0,0,0
83718.6,6395.98,0,0,0
83768.9,6482.41,0,0,0
83819.1,6568.85,0,0,0
83869.4,6655.28,0,0,0
83919.6,6741.71,0,0,0
83969.9,6828.14,0,0,0
84020.1,6914.58,0,0,0
84070.4,7001.01,0,0,0
84120.6,7087.44,0,0,0
84170.9,7173.87,0,0,0
84221.1,7260.3,0,0,0
84271.4,7346.74,0,0,0
84321.6,7433.17,0,0,0
84371.9,7519.6,0,0,0
84422.1,7606.03,0,0,0
84472.4,7692.47,0,0,0
84522.6,7778.9,0,0,0
84572.9,7865.33,0,0,0
84623.1,7951.76,0,0,0
84673.4,8038.19,0,0,0
84723.6,8124.63,0,0,0
84773.9,8211.06,0,0,0
84824.1,8297.49,0,0,0
84874.4,8383.92,0,0,0
84924.6,8470.35,0,0,0
84974.9,8556.79,0,0,0
85025.2,8643.22,0,0,0
85075.4,8729.65,0,0,0
85125.7,8816.08,0,0,0
85175.9,8902.52,0,0,0
85226.2,8988.95,0,0,0
85276.4,9075.38,0,0,0
85326.7,9161.81,0,0,0
85376.9,9248.24,0,0,0
85427.2,9334.68,0,0,0
85477.4,9421.11,0,0,0
85527.7,9507.54,0,0,0
85577.9,9593.97,0,0,0
85628.2,9680.41,0,0,0
85678.4,9766.84,0,0,0
85728.7,9853.27,0,0,0
85778.9,9939.7,0,0,0
85829.2,10026.1,0,0,0
85879.4,10112.6,0,0,0
85929.7,10199,0,0,0
85979.9,10285.4,0,0,0
86030.2,10371.9,0,0,0
86080.4,10458.3,0,0,0
86130.7,10544.7,0,0,0
86180.9,10631.2,0,0,0
86231.2,10717.6,0,0,0
86281.4,10804,0,0,0
86331.7,10890.5,0,0,0
86381.9,10976.9,0,0,0
86432.2,11063.3,0,0,0
86482.4,11149.8,0,0,0
86532.7,11236.2,0,0,0
86582.9,11322.6,0,0,0
86633.2,11409,0,0,0
86683.5,11495.5,0,0,0
86733.7,11581.9,0,0,0
86784,11668.3,0,0,0
86834.2,11754.8,0,0,0
86884.5,11841.2,0,0,0
86934.7,11927.6,0,0,0
86985,12014.1,0,0,0
87035.2,12100.5,0,0,0
87085.5,12186.9,0,0,0
87135.7,12273.4,0,0,0
87186,12359.8,0,0,0
87236.2,12446.2,0,0,0
87286.5,12532.7,0,0,0
87336.7,12619.1,0,0,0
87387,12705.5,0,0,0
87437.2,12792,0,0,0
87487.5,12878.4,0,0,0
87537.7,12964.8,0,0,0
87588,13051.3,0,0,0
87638.2,13137.7,0,0,0
87688.5,13224.1,0,0,0
87738.7,13310.6,0,0,0
87789,13397,0,0,0
87839.2,13483.4,0,0,0
87889.5,13569.9,0,0,0
87939.7,13656.3,0,0,0
87990,13742.7,0,0,0
88040.2,13829.2,0,0,0
88090.5,13915.6,0,0,0
88140.7,14002,0,0,0
88191,14088.4,0,0,0
88241.2,14174.9,0,0,0
88291.5,14261.3,0,0,0
88341.8,14347.7,0,0,0
88392,14434.2,0,0,0
88442.3,14520.6,0,0,0
88492.5,14607,0,0,0
88542.8,14693.5,0,0,0
88593,14779.9,0,0,0
88643.3,14866.3,0,0,0
88693.5,14952.8,0,0,0
88743.8,15039.2,0,0,0
88794,15125.6,0,0,0
88844.3,15212.1,0,0,0
88894.5,15298.5,0,0,0
88944.8,15384.9,0,0,0
88995,15471.4,0,0,0
89045.3,15557.8,0,0,0
89095.5,15644.2,0,0,0
89145.8,15730.7,0,0,0
89196,15817.1,0,0,0
89246.3,15903.5,0,0,0
89296.5,15990,0,0,0
89346.8,16076.4,0,0,0
89397,16162.8,0,0,0
89447.3,16249.3,0,0,0
89497.5,16335.7,0,0,0
89547.8,16422.1,0,0,0
89598,16508.5,0,0,0
89648.3,16595,0,0,0
89698.5,16681.4,0,0,0
89748.8,16767.8,0,0,0
89799,16854.3,0,0,0
89849.3,16940.7,0,0,0
89899.5,17027.1,0,0,0
89949.8,17113.6,0,0,0
90000.1,17200,0,0,0
90050.3,17286.4,0,0,0
90100.6,17372.9,0,0,0
90150.8,17459.3,0,0,0
90201.1,17545.7,0,0,0
90251.3,17632.2,0,0,0
90301.6,17718.6,0,0,0
90351.8,17805,0,0,0
90402.1,17891.5,0,0,0
90452.3,17977.9,0,0,0
90502.6,18064.3,0,0,0
90552.8,18150.8,0,0,0
90603.1,18237.2,0,0,0
90653.3,18323.6,0,0,0
90703.6,18410.1,0,0,0
90753.8,18496.5,0,0,0
90804.1,18582.9,0,0,0
90854.3,18669.4,0,0,0
90904.6,18755.8,0,0,0
90954.8,18842.2,0,0,0
91005.1,18928.7,0,0,0
91055.3,19015.1,0,0,0
91105.6,19101.5,0,0,0
91155.8,19187.9,0,0,0
91206.1,19274.4,0,0,0
91256.3,19360.8,0,0,0
91306.6,19447.2,0,0,0
91356.8,19533.7,0,0,0
91407.1,19620.1,0,0,0
91457.3,19706.5,0,0,0
91507.6,19793,0,0,0
91557.8,19879.4,0,0,0
91608.1,19965.8,0,0,0
91658.4,20052.3,0,0,0
91708.6,20138.7,0,0,0
91758.9,20225.1,0,0,0
91809.1,20311.6,0,0,0
91859.4,20398,0,0,0
91909.6,20484.4,0,0,0
91959.9,20570.9,0,0,0
92010.1,20657.3,0,0,0
92060.4,20743.7,0,0,0
92110.6,20830.2,0,0,0
92160.9,20916.6,0,0,0
92211.1,21003,0,0,0
92261.4,21089.5,0,0,0
92311.6,21175.9,0,0,0
92361.9,21262.3,0,0,0
92412.1,21348.8,0,0,0
92462.4,21435.2,0,0,0
92512.6,21521.6,0,0,0
92562.9,21608,0,0,0
92613.1,21694.5,0,0,0
92663.4,21780.9,0,0,0
92713.6,21867.3,0,0,0
92763.9,21953.8,0,0,0
92814.1,22040.2,0,0,0
92864.4,22126.6,0,0,0
92914.6,22213.1,0,0,0
92964.9,22299.5,0,0,0
93015.1,22385.9,0,0,0
93065.4,22472.4,0,0,0
93115.6,22558.8,0,0,0
93165.9,22645.2,0,0,0
93216.1,22731.7,0,0,0
93266.4,22818.1,0,0,0
93316.6,22904.5,0,0,0
93366.9,22991,0,0,0
93417.2,23077.4,0,0,0
93467.4,23163.8,0,0,0
93517.7,23250.3,0,0,0
93567.9,23336.7,0,0,0
93618.2,23423.1,0,0,0
93668.4,23509.6,0,0,0
93718.7,23596,0,0,0
93768.9,23682.4,0,0,0
93819.2,23768.9,0,0,0
93869.4,23855.3,0,0,0
93919.7,23941.7,0,0,0
93969.9,24028.1,0,0,0
94020.2,24114.6,0,0,0
94070.4,24201,0,0,0
94120.7,24287.4,0,0,0
94170.9,24373.9,0,0,0
94221.2,24460.3,0,0,0
94271.4,24546.7,0,0,0
94321.7,24633.2,0,0,0
94371.9,24719.6,0,0,0
94422.2,24806,0,0,0
94472.4,24892.5,0,0,0
94522.7,24978.9,0,0,0
94572.9,25065.3,0,0,0
94623.2,25151.8,0,0,0
94673.4,25238.2,0,0,0
94723.7,25324.6,0,0,0
94773.9,25411.1,0,0,0
94824.2,25497.5,0,0,0
94874.4,25583.9,0,0,0
94924.7,25670.4,0,0,0
94974.9,25756.8,0,0,0
95025.2,25843.2,0,0,0
95075.5,25929.7,0,0,0
95125.7,26016.1,0,0,0
95176,26102.5,0,0,0
95226.2,26189,0,0,0
95276.5,26275.4,0,0,0
95326.7,26361.8,0,0,0
95377,26448.3,0,0,0
95427.2,26534.7,0,0,0
95477.5,26621.1,0,0,0
95527.7,26707.5,0,0,0
95578,26794,0,0,0
95628.2,26880.4,0,0,0
95678.5,26966.8,0,0,0
95728.7,27053.3,0,0,0
95779,27139.7,0,0,0
95829.2,27226.1,0,0,0
95879.5,27312.6,0,0,0
95929.7,27399,0,0,0
95980,27485.4,0,0,0
96030.2,27571.9,0,0,0
96080.5,27658.3,0,0,0
96130.7,27744.7,0,0,0
96181,27831.2,0,0,0
96231.2,27917.6,0,0,0
96281.5,28004,0,0,0
96331.7,28090.5,0,0,0
96382,28176.9,0,0,0
96432.2,28263.3,0,0,0
96482.5,28349.8,0,0,0
96532.7,28436.2,0,0,0
96583,28522.6,0,0,0
96633.2,28609.1,0,0,0
96683.5,28695.5,0,0,0
96733.8,28781.9,0,0,0
96784,28868.4,0,0,0
96834.3,28954.8,0,0,0
96884.5,29041.2,0,0,0
96934.8,29127.6,0,0,0
96985,29214.1,0,0,0
97035.3,29300.5,0,0,0
97085.5,29386.9,0,0,0
97135.8,29473.4,0,0,0
97186,29559.8,0,0,0
97236.3,29646.2,0,0,0
97286.5,29732.7,0,0,0
97336.8,29819.1,0,0,0
97387,29905.5,0,0,0
97437.3,29992,0,0,0
97487.5,30078.4,0,0,0
97537.8,30164.8,0,0,0
97588,30251.3,0,0,0
97638.3,30337.7,0,0,0
97688.5,30424.1,0,0,0
97738.8,30510.6,0,0,0
97789,30597,0,0,0
97839.3,30683.4,0,0,0
97889.5,30769.9,0,0,0
97939.8,30856.3,0,0,0
97990,30942.7,0,0,0
98040.3,31029.2,0,0,0
98090.5,31115.6,0,0,0
98140.8,31202,0,0,0
98191,31288.5,0,0,0
98241.3,31374.9,0,0,0
98291.5,31461.3,0,0,0
98341.8,31547.8,0,0,0
98392.1,31634.2,0,0,0
98442.3,31720.6,0,0,0
98492.6,31807,0,0,0
98542.8,31893.5,0,0,0
98593.1,31979.9,0,0,0
98643.3,32066.3,0,0,0
98693.6,32152.8,0,0,0
98743.8,32239.2,0,0,0
98794.1,32325.6,0,0,0
98844.3,32412.1,0,0,0
98894.6,32498.5,0,0,0
98944.8,32584.9,0,0,0
98995.1,32671.4,0,0,0
99045.3,32757.8,0,0,0
99095.6,32844.2,0,0,0
99145.8,32930.7,0,0,0
99196.1,33017.1,0,0,0
99246.3,33103.5,0,0,0
99296.6,33190,0,0,0
99346.8,33276.4,0,0,0
99397.1,33362.8,0,0,0
99447.3,33449.3,0,0,0
99497.6,33535.7,0,0,0
99547.8,33622.1,0,0,0
99598.1,33708.6,0,0,0
99648.3,33795,0,0,0
99698.6,33881.4,0,0,0
99748.8,33967.9,0,0,0
99799.1,34054.3,0,0,0
99849.3,34140.7,0,0,0
99899.6,34227.1,0,0,0
99949.8,34313.6,0,0,0
100000,34400,0,0,0
100050,34486.4,0,0,0
100101,34572.9,0,0,0
100151,34659.3,0,0,0
100201,34745.7,0,0,0
100251,34832.2,0,0,0
100302,34918.6,0,0,0
100352,35005,0,0,0
100402,35091.5,0,0,0
100452,35177.9,0,0,0
100503,35264.3,0,0,0
100553,35350.8,0,0,0
100603,35437.2,0,0,0
100653,35523.6,0,0,0
100704,35610.1,0,0,0
100754,35696.5,0,0,0
100804,35782.9,0,0,0
100854,35869.4,0,0,0
100905,35955.8,0,0,0
100955,36042.2,0,0,0
101005,36128.7,0,0,0
101055,36215.1,0,0,0
101106,36301.5,0,0,0
101156,36388,0,0,0
101206,36474.4,0,0,0
101256,36560.8,0,0,0
101307,36647.2,0,0,0
101357,36733.7,0,0,0
101407,36820.1,0,0,0
101457,36906.5,0,0,0
101508,36993,0,0,0
101558,37079.4,0,0,0
101608,37165.8,0,0,0
101658,37252.3,0,0,0
101709,37338.7,0,0,0
101759,37425.1,0,0,0
101809,37511.6,0,0,0
101859,37598,0,0,0
101910,37684.4,0,0,0
101960,37770.9,0,0,0
102010,37857.3,0,0,0
102060,37943.7,0,0,0
102111,38030.2,0,0,0
102161,38116.6,0,0,0
102211,38203,0,0,0
102261,38289.5,0,0,0
102312,38375.9,0,0,0
102362,38462.3,0,0,0
102412,38548.8,0,0,0
102462,38635.2,0,0,0
102513,38721.6,0,0,0
102563,38808.1,0,0,0
102613,38894.5,0,0,0
102663,38980.9,0,0,0
102714,39067.4,0,0,0
102764,39153.8,0,0,0
102814,39240.2,0,0,0
102864,39326.6,0,0,0
102915,39413.1,0,0,0
102965,39499.5,0,0,0
103015,39585.9,0,0,0
103065,39672.4,0,0,0
103116,39758.8,0,0,0
103166,39845.2,0,0,0
103216,39931.7,0,0,0
103266,40018.1,0,0,0
103317,40104.5,0,0,0
103367,40191,0,0,0
103417,40277.4,0,0,0
103467,40363.8,0,0,0
103518,40450.3,0,0,0
103568,40536.7,0,0,0
103618,40623.1,0,0,0
103668,40709.6,0,0,0
103719,40796,0,0,0
103769,40882.4,0,0,0
103819,40968.9,0,0,0
103869,41055.3,0,0,0
103920,41141.7,0,0,0
103970,41228.2,0,0,0
104020,41314.6,0,0,0
104070,41401,0,0,0
104121,41487.5,0,0,0
104171,41573.9,0,0,0
104221,41660.3,0,0,0
104271,41746.7,0,0,0
104322,41833.2,0,0,0
104372,41919.6,0,0,0
104422,42006,0,0,0
104472,42092.5,0,0,0
104523,42178.9,0,0,0
104573,42265.3,0,0,0
104623,42351.8,0,0,0
104673,42438.2,0,0,0
104724,42524.6,0,0,0
104774,42611.1,0,0,0
104824,42697.5,0,0,0
104874,42783.9,0,0,0
104925,42870.4,0,0,0
81100,0,0,465,22840900
81200,0,0,465,22818300
81300,0,0,465,22795800
81400,0,0,465,22773300
81500,0,0,465,22750900
81600,0,0,465,22728600
81700,0,0,465,22706400
81800,0,0,465,22684300
81900,0,0,465,22662200
82100,0,0,465,22618300
82200,0,0,465,22596400
82300,0,0,465,22574600
82400,0,0,465,22552900
82500,0,0,465,22531300
82600,0,0,465,22509700
82700,0,0,465,22488300
82800,0,0,465,22466800
82900,0,0,465,22445500
83000,0,0,465,22424300
83100,0,0,465,22403100
83200,0,0,465,22382000
83300,0,0,465,22361000
83400,0,0,465,22340000
83500,0,0,465,22319200
83600,0,0,465,22298400
83700,0,0,465,22277700
83800,0,0,465,22257000
83900,0,0,465,22236500
84000,0,0,465,22216000
84100,0,0,465,22195600
84200,0,0,465,22175300
84300,0,0,465,22155000
84400,0,0,465,22134900
84500,0,0,465,22114800
84600,0,0,465,22094800
84700,0,0,465,22074900
84800,0,0,465,22055000
84900,0,0,465,22035200
85000,0,0,465,22015600
85100,0,0,465,21996000
85200,0,0,465,21976400
85300,0,0,465,21957000
85400,0,0,465,21937600
85500,0,0,465,21918400
85600,0,0,465,21899200
85700,0,0,465,21880100
85800,0,0,465,21861000
85900,0,0,465,21842100
86000,0,0,465,21823200
86100,0,0,465,21804400
86200,0,0,465,21785700
86300,0,0,465,21767100
86400,0,0,465,21748600
86500,0,0,465,21730100
86600,0,0,465,21711800
86700,0,0,465,21693500
86800,0,0,465,21675300
86900,0,0,465,21657200
87000,0,0,465,21639100
87100,0,0,465,21621200
87200,0,0,465,21603300
87300,0,0,465,21585600
87400,0,0,465,21567900
87500,0,0,465,21550300
87600,0,0,465,21532700
87700,0,0,465,21515300
87800,0,0,465,21498000
87900,0,0,465,21480700
88000,0,0,465,21463600
88100,0,0,465,21446500
88200,0,0,465,21429500
88300,0,0,465,21412600
88400,0,0,465,21395700
88500,0,0,465,21379000
88600,0,0,465,21362400
88700,0,0,465,21345800
88800,0,0,465,21329300
88900,0,0,465,21313000
89000,0,0,465,21296700
89100,0,0,465,21280500
89200,0,0,465,21264400
89300,0,0,465,21248300
89400,0,0,465,21232400
89500,0,0,465,21216600
89600,0,0,465,21200800
89700,0,0,465,21185200
89800,0,0,465,21169600
89900,0,0,465,21154100
90000,0,0,465,21138700
90100,0,0,465,21123400
90200,0,0,465,21108200
90300,0,0,465,21093100
90400,0,0,465,21078100
90500,0,0,465,21063200
90600,0,0,465,21048300
90700,0,0,465,21033600
90800,0,0,465,21018900
90900,0,0,465,21004300
91000,0,0,465,20989900
91100,0,0,465,20975500
91200,0,0,465,20961200
91300,0,0,465,20947000
91400,0,0,465,20932900
91500,0,0,465,20918900
91600,0,0,465,20905000
91700,0,0,465,20891200
91800,0,0,465,20877500
91900,0,0,465,20863900
92000,0,0,465,20850300
92100,0,0,465,20836900
92200,0,0,465,20823600
92300,0,0,465,20810300
92400,0,0,465,20797200
92500,0,0,465,20784100
92600,0,0,465,20771200
92700,0,0,465,20758300
92800,0,0,465,20745600
92900,0,0,465,20732900
93000,0,0,465,20720300
93100,0,0,465,20707800
93200,0,0,465,20695500
93300,0,0,465,20683200
93400,0,0,465,20671000
93500,0,0,465,20658900
93600,0,0,465,20646900
93700,0,0,465,20635000
93800,0,0,465,20623200
93900,0,0,465,20611600
94000,0,0,465,20600000
94100,0,0,465,20588500
94200,0,0,465,20577100
94300,0,0,465,20565800
94400,0,0,465,20554600
94500,0,0,465,20543500
94600,0,0,465,20532500
94700,0,0,465,20521600
94800,0,0,465,20510800
94900,0,0,465,20500100
95000,0,0,465,20489400
95100,0,0,465,20478900
95200,0,0,465,20468500
95300,0,0,465,20458200
95400,0,0,465,20448000
95500,0,0,465,20437900
95600,0,0,465,20427900
95700,0,0,465,20418000
95800,0,0,465,20408200
95900,0,0,465,20398500
96000,0,0,465,20388900
96100,0,0,465,20379500
96200,0,0,465,20370100
96300,0,0,465,20360800
96400,0,0,465,20351600
96500,0,0,465,20342500
96600,0,0,465,20333500
96700,0,0,465,20324600
96800,0,0,465,20315900
96900,0,0,465,20307200
97000,0,0,465,20298600
97100,0,0,465,20290100
97200,0,0,465,20281800
97300,0,0,465,20273500
97400,0,0,465,20265300
97500,0,0,465,20257300
97600,0,0,465,20249300
97700,0,0,465,20241500
97800,0,0,465,20233700
97900,0,0,465,20226100
98000,0,0,465,20218600
98100,0,0,465,20211100
98200,0,0,465,20203800
98300,0,0,465,20196600
98400,0,0,465,20189400
98500,0,0,465,20182400
98600,0,0,465,20175500
98700,0,0,465,20168700
98800,0,0,465,20162000
98900,0,0,465,20155400
99000,0,0,465,20148900
99100,0,0,465,20142500
99200,0,0,465,20136300
99300,0,0,465,20130100
99400,0,0,465,20124000
99500,0,0,465,20118000
99600,0,0,465,20112200
99700,0,0,465,20106400
99800,0,0,465,20100800
99900,0,0,465,20095200
100000,0,0,465,20089800
100100,0,0,465,20084500
100200,0,0,465,20079300
100300,0,0,465,20074100
100400,0,0,465,20069100
100500,0,0,465,20064200
100600,0,0,465,20059400
100700,0,0,465,20054800
100800,0,0,465,20050200
100900,0,0,465,20045700
101000,0,0,465,20041300
101100,0,0,465,20037100
101200,0,0,465,20032900
101300,0,0,465,20028900
101400,0,0,465,20024900
101500,0,0,465,20021100
101600,0,0,465,20017400
101700,0,0,465,20013700
101800,0,0,465,20010200
101900,0,0,465,20006800
102000,0,0,465,20003500
102100,0,0,465,20000300
102200,0,0,465,19997300
102300,0,0,465,19994300
102400,0,0,465,19991400
102500,0,0,465,19988700
102600,0,0,465,19986000
102700,0,0,465,19983500
102800,0,0,465,19981000
102900,0,0,465,19978700
103000,0,0,465,19976500
103100,0,0,465,19974400
103200,0,0,465,19972400
103300,0,0,465,19970500
103400,0,0,465,19968700
103500,0,0,465,19967000
103600,0,0,465,19965400
103700,0,0,465,19964000
103800,0,0,465,19962600
103900,0,0,465,19961400
104000,0,0,465,19960200
104100,0,0,465,19959200
104200,0,0,465,19958300
104300,0,0,465,19957500
104400,0,0,465,19956800
104500,0,0,465,19956200
104600,0,0,465,19955700
104700,0,0,465,19955300
104800,0,0,465,19955000
104900,0,0,465,19954900
105000,0,0,465,19954800
105100,0,0,465,19954900
105200,0,0,465,19955000
105300,0,0,465,19955300
105400,0,0,465,19955700
105500,0,0,465,19956200
105600,0,0,465,19956800
105700,0,0,465,19957500
105800,0,0,465,19958300
105900,0,0,465,19959200
106000,0,0,465,19960200
106100,0,0,465,19961400
106200,0,0,465,19962600
106300,0,0,465,19964000
106400,0,0,465,19965400
106500,0,0,465,19967000
106600,0,0,465,19968700
106700,0,0,465,19970500
106800,0,0,465,19972400
106900,0,0,465,19974400
107000,0,0,465,19976500
107100,0,0,465,19978700
107200,0,0,465,19981000
107300,0,0,465,19983500
107400,0,0,465,19986000
107500,0,0,465,19988700
107600,0,0,465,19991400
107700,0,0,465,19994300
107800,0,0,465,19997300
107900,0,0,465,20000300
108000,0,0,465,20003500
108100,0,0,465,20006800
108200,0,0,465,20010200
108300,0,0,465,20013700
108400,0,0,465,20017400
108500,0,0,465,20021100
108600,0,0,465,20024900
108700,0,0,465,20028900
108800,0,0,465,20032900
108900,0,0,465,20037100
109000,0,0,465,20041300
109100,0,0,465,20045700
109200,0,0,465,20050200
109300,0,0,465,20054800
109400,0,0,465,20059400
109500,0,0,465,20064200
109600,0,0,465,20069100
109700,0,0,465,20074100
109800,0,0,465,20079300
109900,0,0,465,20084500
110000,0,0,465,20089800
110100,0,0,465,20095200
110200,0,0,465,20100800
110300,0,0,465,20106400
110400,0,0,465,20112200
110500,0,0,465,20118000
110600,0,0,465,20124000
110700,0,0,465,20130100
110800,0,0,465,20136300
110900,0,0,465,20142500
111000,0,0,465,20148900
111100,0,0,465,20155400
111200,0,0,465,20162000
111300,0,0,465,20168700
111400,0,0,465,20175500
111500,0,0,465,20182400
111600,0,0,465,20189400
111700,0,0,465,20196600
111800,0,0,465,20203800
111900,0,0,465,20211100
112000,0,0,465,20218600
112100,0,0,465,20226100
112200,0,0,465,20233700
112300,0,0,465,20241500
112400,0,0,465,20249300
112500,0,0,465,20257300
112600,0,0,465,20265300
112700,0,0,465,20273500
112800,0,0,465,20281800
112900,0,0,465,20290100
113000,0,0,465,20298600
113100,0,0,465,20307200
113200,0,0,465,20315900
113300,0,0,465,20324600
113400,0,0,465,20333500
113500,0,0,465,20342500
113600,0,0,465,20351600
113700,0,0,465,20360800
113800,0,0,465,20370100
113900,0,0,465,20379500
114000,0,0,465,20388900
114100,0,0,465,20398500
114200,0,0,465,20408200
114300,0,0,465,20418000
114400,0,0,465,20427900
114500,0,0,465,20437900
114600,0,0,465,20448000
114700,0,0,465,20458200
114800,0,0,465,20468500
114900,0,0,465,20478900
115000,0,0,465,20489400
115100,0,0,465,20500100
115200,0,0,465,20510800
115300,0,0,465,20521600
115400,0,0,465,20532500
115500,0,0,465,20543500
115600,0,0,465,20554600
115700,0,0,465,20565800
115800,0,0,465,20577100
115900,0,0,465,20588500
116000,0,0,465,20600000
116100,0,0,465,20611600
116200,0,0,465,20623200
116300,0,0,465,20635000
116400,0,0,465,20646900
116500,0,0,465,20658900
116600,0,0,465,20671000
116700,0,0,465,20683200
116800,0,0,465,20695500
116900,0,0,465,20707800
117000,0,0,465,20720300
117100,0,0,465,20732900
117200,0,0,465,20745600
117300,0,0,465,20758300
117400,0,0,465,20771200
117500,0,0,465,20784100
117600,0,0,465,20797200
117700,0,0,465,20810300
117800,0,0,465,20823600
117900,0,0,465,20836900
118000,0,0,465,20850300
118100,0,0,465,20863900
118200,0,0,465,20877500
118300,0,0,465,20891200
118400,0,0,465,20905000
118500,0,0,465,20918900
118600,0,0,465,20932900
118700,0,0,465,20947000
118800,0,0,465,20961200
118900,0,0,465,20975500
119000,0,0,465,20989900
119100,0,0,465,21004300
119200,0,0,465,21018900
119300,0,0,465,21033600
119400,0,0,465,21048300
119500,0,0,465,21063200
119600,0,0,465,21078100
119700,0,0,465,21093100
119800,0,0,465,21108200
119900,0,0,465,21123400
120000,0,0,465,21138700
120100,0,0,465,21154100
120200,0,0,465,21169600
120300,0,0,465,21185200
120400,0,0,465,21200800
120500,0,0,465,21216600
120600,0,0,465,21232400
120700,0,0,465,21248300
120800,0,0,465,21264400
120900,0,0,465,21280500
121000,0,0,465,21296700
121100,0,0,465,21313000
121200,0,0,465,21329300
121300,0,0,465,21345800
121400,0,0,465,21362400
121500,0,0,465,21379000
121600,0,0,465,21395700
121700,0,0,465,21412600
121800,0,0,465,21429500
121900,0,0,465,21446500
122000,0,0,465,21463600
122100,0,0,465,21480700
122200,0,0,465,21498000
122300,0,0,465,21515300
122400,0,0,465,21532700
122500,0,0,465,21550300
122600,0,0,465,21567900
122700,0,0,465,21585600
122800,0,0,465,21603300
122900,0,0,465,21621200
123000,0,0,465,21639100
123100,0,0,465,21657200
123200,0,0,465,21675300
123300,0,0,465,21693500
123400,0,0,465,21711800
123500,0,0,465,21730100
123600,0,0,465,21748600
123700,0,0,465,21767100
123800,0,0,465,21785700
123900,0,0,465,21804400
124000,0,0,465,21823200
124100,0,0,465,21842100
124200,0,0,465,21861000
124300,0,0,465,21880100
124400,0,0,465,21899200
124500,0,0,465,21918400
124600,0,0,465,21937600
124700,0,0,465,21957000
124800,0,0,465,21976400
124900,0,0,465,21996000
125000,0,0,465,22015600
125100,0,0,465,22035200
125200,0,0,465,22055000
125300,0,0,465,22074900
125400,0,0,465,22094800
125500,0,0,465,22114800
125600,0,0,465,22134900
125700,0,0,465,22155000
125800,0,0,465,22175300
125900,0,0,465,22195600
126000,0,0,465,22216000
126100,0,0,465,22236500
126200,0,0,465,22257000
126300,0,0,465,22277700
126400,0,0,465,22298400
126500,0,0,465,22319200
126600,0,0,465,22340000
126700,0,0,465,22361000
126800,0,0,465,22382000
126900,0,0,465,22403100
127000,0,0,465,22424300
127100,0,0,465,22445500
127200,0,0,465,22466800
127300,0,0,465,22488300
127400,0,0,465,22509700
127500,0,0,465,22531300
127600,0,0,465,22552900
127700,0,0,465,22574600
127800,0,0,465,22596400
127900,0,0,465,22618300
128100,0,0,465,22662200
128200,0,0,465,22684300
128300,0,0,465,22706400
128400,0,0,465,22728600
128500,0,0,465,22750900
128600,0,0,465,22773300
128700,0,0,465,22795800
128800,0,0,465,22818300
128900,0,0,465,22840900
129100,0,0,465,22886300
129200,0,0,465,22909100
129300,0,0,465,22931900
129400,0,0,465,22954900
129500,0,0,465,22977900
129600,0,0,465,23001000
129700,0,0,465,23024200
129800,0,0,465,23047400
129900,0,0,465,23070700
130100,0,0,465,23117500
130200,0,0,465,23141000
130300,0,0,465,23164600
130400,0,0,465,23188200
130500,0,0,465,23212000
130600,0,0,465,23235800
130700,0,0,465,23259600
130800,0,0,465,23283500
130900,0,0,465,23307500
129950,86.4322,0,0,0
129899,172.864,0,0,0
129849,259.297,0,0,0
129799,345.729,0,0,0
129749,432.161,0,0,0
129698,518.593,0,0,0
129648,605.025,0,0,0
129598,691.458,0,0,0
129548,777.89,0,0,0
129497,864.322,0,0,0
129447,950.754,0,0,0
129397,1037.19,0,0,0
129347,1123.62,0,0,0
129296,1210.05,0,0,0
129246,1296.48,0,0,0
129196,1382.92,0,0,0
129146,1469.35,0,0,0
129095,1555.78,0,0,0
129045,1642.21,0,0,0
128995,1728.64,0,0,0
128945,1815.08,0,0,0
128894,1901.51,0,0,0
128844,1987.94,0,0,0
128794,2074.37,0,0,0
128744,2160.8,0,0,0
128693,2247.24,0,0,0
128643,2333.67,0,0,0
128593,2420.1,0,0,0
128543,2506.53,0,0,0
128492,2592.97,0,0,0
128442,2679.4,0,0,0
128392,2765.83,0,0,0
128342,2852.26,0,0,0
128291,2938.69,0,0,0
128241,3025.13,0,0,0
128191,3111.56,0,0,0
128141,3197.99,0,0,0
128090,3284.42,0,0,0
128040,3370.86,0,0,0
127990,3457.29,0,0,0
127940,3543.72,0,0,0
127889,3630.15,0,0,0
127839,3716.58,0,0,0
127789,3803.02,0,0,0
127739,3889.45,0,0,0
127688,3975.88,0,0,0
127638,4062.31,0,0,0
127588,4148.75,0,0,0
127538,4235.18,0,0,0
127487,4321.61,0,0,0
127437,4408.04,0,0,0
127387,4494.47,0,0,0
127337,4580.91,0,0,0
127286,4667.34,0,0,0
127236,4753.77,0,0,0
127186,4840.2,0,0,0
127136,4926.64,0,0,0
127085,5013.07,0,0,0
127035,5099.5,0,0,0
126985,5185.93,0,0,0
126935,5272.36,0,0,0
126884,5358.8,0,0,0
126834,5445.23,0,0,0
126784,5531.66,0,0,0
126734,5618.09,0,0,0
126683,5704.52,0,0,0
126633,5790.96,0,0,0
126583,5877.39,0,0,0
126533,5963.82,0,0,0
126482,6050.25,0,0,0
126432,6136.69,0,0,0
126382,6223.12,0,0,0
126332,6309.55,0,0,0
126281,6395.98,0,0,0
126231,6482.41,0,0,0
126181,6568.85,0,0,0
126131,6655.28,0,0,0
126080,6741.71,0,0,0
126030,6828.14,0,0,0
125980,6914.58,0,0,0
125930,7001.01,0,0,0
125879,7087.44,0,0,0
125829,7173.87,0,0,0
125779,7260.3,0,0,0
125729,7346.74,0,0,0
125678,7433.17,0,0,0
125628,7519.6,0,0,0
125578,7606.03,0,0,0
125528,7692.47,0,0,0
125477,7778.9,0,0,0
125427,7865.33,0,0,0
125377,7951.76,0,0,0
125327,8038.19,0,0,0
125276,8124.63,0,0,0
125226,8211.06,0,0,0
125176,8297.49,0,0,0
125126,8383.92,0,0,0
125075,8470.35,0,0,0
125025,8556.79,0,0,0
124975,8643.22,0,0,0
124925,8729.65,0,0,0
124874,8816.08,0,0,0
124824,8902.52,0,0,0
124774,8988.95,0,0,0
124724,9075.38,0,0,0
124673,9161.81,0,0,0
124623,9248.24,0,0,0
124573,9334.68,0,0,0
124523,9421.11,0,0,0
124472,9507.54,0,0,0
124422,9593.97,0,0,0
124372,9680.41,0,0,0
124322,9766.84,0,0,0
124271,9853.27,0,0,0
124221,9939.7,0,0,0
124171,10026.1,0,0,0
124121,10112.6,0,0,0
124070,10199,0,0,0
124020,10285.4,0,0,0
123970,10371.9,0,0,0
123920,10458.3,0,0,0
123869,10544.7,0,0,0
123819,10631.2,0,0,0
123769,10717.6,0,0,0
123719,10804,0,0,0
123668,10890.5,0,0,0
123618,10976.9,0,0,0
123568,11063.3,0,0,0
123518,11149.8,0,0,0
123467,11236.2,0,0,0
123417,11322.6,0,0,0
123367,11409,0,0,0
123317,11495.5,0,0,0
123266,11581.9,0,0,0
123216,11668.3,0,0,0
123166,11754.8,0,0,0
123116,11841.2,0,0,0
123065,11927.6,0,0,0
123015,12014.1,0,0,0
122965,12100.5,0,0,0
122915,12186.9,0,0,0
122864,12273.4,0,0,0
122814,12359.8,0,0,0
122764,12446.2,0,0,0
122714,12532.7,0,0,0
122663,12619.1,0,0,0
122613,12705.5,0,0,0
122563,12792,0,0,0
122513,12878.4,0,0,0
122462,12964.8,0,0,0
122412,13051.3,0,0,0
122362,13137.7,0,0,0
122312,13224.1,0,0,0
122261,13310.6,0,0,0
122211,13397,0,0,0
122161,13483.4,0,0,0
122111,13569.9,0,0,0
122060,13656.3,0,0,0
122010,13742.7,0,0,0
121960,13829.2,0,0,0
121910,13915.6,0,0,0
121859,14002,0,0,0
121809,14088.4,0,0,0
121759,14174.9,0,0,0
121709,14261.3,0,0,0
121658,14347.7,0,0,0
121608,14434.2,0,0,0
121558,14520.6,0,0,0
121507,14607,0,0,0
121457,14693.5,0,0,0
121407,14779.9,0,0,0
121357,14866.3,0,0,0
121306,14952.8,0,0,0
121256,15039.2,0,0,0
121206,15125.6,0,0,0
121156,15212.1,0,0,0
121105,15298.5,0,0,0
121055,15384.9,0,0,0
121005,15471.4,0,0,0
120955,15557.8,0,0,0
120904,15644.2,0,0,0
120854,15730.7,0,0,0
120804,15817.1,0,0,0
120754,15903.5,0,0,0
120703,15990,0,0,0
120653,16076.4,0,0,0
120603,16162.8,0,0,0
120553,16249.3,0,0,0
120502,16335.7,0,0,0
120452,16422.1,0,0,0
120402,16508.5,0,0,0
120352,16595,0,0,0
120301,16681.4,0,0,0
120251,16767.8,0,0,0
120201,16854.3,0,0,0
120151,16940.7,0,0,0
120100,17027.1,0,0,0
120050,17113.6,0,0,0
120000,17200,0,0,0
119950,17286.4,0,0,0
119899,17372.9,0,0,0
119849,17459.3,0,0,0
119799,17545.7,0,0,0
119749,17632.2,0,0,0
119698,17718.6,0,0,0
119648,17805,0,0,0
119598,17891.5,0,0,0
119548,17977.9,0,0,0
119497,18064.3,0,0,0
119447,18150.8,0,0,0
119397,18237.2,0,0,0
119347,18323.6,0,0,0
119296,18410.1,0,0,0
119246,18496.5,0,0,0
119196,18582.9,0,0,0
119146,18669.4,0,0,0
119095,18755.8,0,0,0
119045,18842.2,0,0,0
118995,18928.7,0,0,0
118945,19015.1,0,0,0
118894,19101.5,0,0,0
118844,19187.9,0,0,0
118794,19274.4,0,0,0
118744,19360.8,0,0,0
118693,19447.2,0,0,0
118643,19533.7,0,0,0
118593,19620.1,0,0,0
118543,19706.5,0,0,0
118492,19793,0,0,0
118442,19879.4,0,0,0
118392,19965.8,0,0,0
118342,20052.3,0,0,0
118291,20138.7,0,0,0
118241,20225.1,0,0,0
118191,20311.6,0,0,0
118141,20398,0,0,0
118090,20484.4,0,0,0
118040,20570.9,0,0,0
117990,20657.3,0,0,0
117940,20743.7,0,0,0
117889,20830.2,0,0,0
117839,20916.6,0,0,0
117789,21003,0,0,0
117739,21089.5,0,0,0
117688,21175.9,0,0,0
117638,21262.3,0,0,0
117588,21348.8,0,0,0
117538,21435.2,0,0,0
117487,21521.6,0,0,0
117437,21608,0,0,0
117387,21694.5,0,0,0
117337,21780.9,0,0,0
117286,21867.3,0,0,0
117236,21953.8,0,0,0
117186,22040.2,0,0,0
117136,22126.6,0,0,0
117085,22213.1,0,0,0
117035,22299.5,0,0,0
116985,22385.9,0,0,0
116935,22472.4,0,0,0
116884,22558.8,0,0,0
116834,22645.2,0,0,0
116784,22731.7,0,0,0
116734,22818.1,0,0,0
116683,22904.5,0,0,0
116633,22991,0,0,0
116583,23077.4,0,0,0
116533,23163.8,0,0,0
116482,23250.3,0,0,0
116432,23336.7,0,0,0
116382,23423.1,0,0,0
116332,23509.6,0,0,0
116281,23596,0,0,0
116231,23682.4,0,0,0
116181,23768.9,0,0,0
116131,23855.3,0,0,0
116080,23941.7,0,0,0
116030,24028.1,0,0,0
115980,24114.6,0,0,0
115930,24201,0,0,0
115879,24287.4,0,0,0
115829,24373.9,0,0,0
115779,24460.3,0,0,0
115729,24546.7,0,0,0
115678,24633.2,0,0,0
115628,24719.6,0,0,0
115578,24806,0,0,0
115528,24892.5,0,0,0
115477,24978.9,0,0,0
115427,25065.3,0,0,0
115377,25151.8,0,0,0
115327,25238.2,0,0,0
115276,25324.6,0,0,0
115226,25411.1,0,0,0
115176,25497.5,0,0,0
115126,25583.9,0,0,0
115075,25670.4,0,0,0
115025,25756.8,0,0,0
114975,25843.2,0,0,0
114925,25929.7,0,0,0
114874,26016.1,0,0,0
114824,26102.5,0,0,0
114774,26189,0,0,0
114724,26275.4,0,0,0
114673,26361.8,0,0,0
114623,26448.3,0,0,0
114573,26534.7,0,0,0
114523,26621.1,0,0,0
114472,26707.5,0,0,0
114422,26794,0,0,0
114372,26880.4,0,0,0
114322,26966.8,0,0,0
114271,27053.3,0,0,0
114221,27139.7,0,0,0
114171,27226.1,0,0,0
114121,27312.6,0,0,0
114070,27399,0,0,0
114020,27485.4,0,0,0
113970,27571.9,0,0,0
113920,27658.3,0,0,0
113869,27744.7,0,0,0
113819,27831.2,0,0,0
113769,27917.6,0,0,0
113719,28004,0,0,0
113668,28090.5,0,0,0
113618,28176.9,0,0,0
113568,28263.3,0,0,0
113518,28349.8,0,0,0
113467,28436.2,0,0,0
113417,28522.6,0,0,0
113367,28609.1,0,0,0
113316,28695.5,0,0,0
113266,28781.9,0,0,0
113216,28868.4,0,0,0
113166,28954.8,0,0,0
113115,29041.2,0,0,0
113065,29127.6,0,0,0
113015,29214.1,0,0,0
112965,29300.5,0,0,0
112914,29386.9,0,0,0
112864,29473.4,0,0,0
112814,29559.8,0,0,0
112764,29646.2,0,0,0
112713,29732.7,0,0,0
112663,29819.1,0,0,0
112613,29905.5,0,0,0
112563,29992,0,0,0
112512,30078.4,0,0,0
112462,30164.8,0,0,0
112412,30251.3,0,0,0
112362,30337.7,0,0,0
112311,30424.1,0,0,0
112261,30510.6,0,0,0
112211,30597,0,0,0
112161,30683.4,0,0,0
112110,30769.9,0,0,0
112060,30856.3,0,0,0
112010,30942.7,0,0,0
111960,31029.2,0,0,0
111909,31115.6,0,0,0
111859,31202,0,0,0
111809,31288.5,0,0,0
111759,31374.9,0,0,0
111708,31461.3,0,0,0
111658,31547.8,0,0,0
111608,31634.2,0,0,0
111558,31720.6,0,0,0
111507,31807,0,0,0
111457,31893.5,0,0,0
111407,31979.9,0,0,0
111357,32066.3,0,0,0
111306,32152.8,0,0,0
111256,32239.2,0,0,0
111206,32325.6,0,0,0
111156,32412.1,0,0,0
111105,32498.5,0,0,0
111055,32584.9,0,0,0
111005,32671.4,0,0,0
110955,32757.8,0,0,0
110904,32844.2,0,0,0
110854,32930.7,0,0,0
110804,33017.1,0,0,0
110754,33103.5,0,0,0
110703,33190,0,0,0
110653,33276.4,0,0,0
110603,33362.8,0,0,0
110553,33449.3,0,0,0
110502,33535.7,0,0,0
110452,33622.1,0,0,0
110402,33708.6,0,0,0
110352,33795,0,0,0
110301,33881.4,0,0,0
110251,33967.9,0,0,0
110201,34054.3,0,0,0
110151,34140.7,0,0,0
110100,34227.1,0,0,0
110050,34313.6,0,0,0
110000,34400,0,0,0
109950,34486.4,0,0,0
109899,34572.9,0,0,0
109849,34659.3,0,0,0
109799,34745.7,0,0,0
109749,34832.2,0,0,0
109698,34918.6,0,0,0
109648,35005,0,0,0
109598,35091.5,0,0,0
109548,35177.9,0,0,0
109497,35264.3,0,0,0
109447,35350.8,0,0,0
109397,35437.2,0,0,0
109347,35523.6,0,0,0
109296,35610.1,0,0,0
109246,35696.5,0,0,0
109196,35782.9,0,0,0
109146,35869.4,0,0,0
109095,35955.8,0,0,0
109045,36042.2,0,0,0
108995,36128.7,0,0,0
108945,36215.1,0,0,0
108894,36301.5,0,0,0
108844,36388,0,0,0
108794,36474.4,0,0,0
108744,36560.8,0,0,0
108693,36647.2,0,0,0
108643,36733.7,0,0,0
108593,36820.1,0,0,0
108543,36906.5,0,0,0
108492,36993,0,0,0
108442,37079.4,0,0,0
108392,37165.8,0,0,0
108342,37252.3,0,0,0
108291,37338.7,0,0,0
108241,37425.1,0,0,0
108191,37511.6,0,0,0
108141,37598,0,0,0
108090,37684.4,0,0,0
108040,37770.9,0,0,0
107990,37857.3,0,0,0
107940,37943.7,0,0,0
107889,38030.2,0,0,0
107839,38116.6,0,0,0
107789,38203,0,0,0
107739,38289.5,0,0,0
107688,38375.9,0,0,0
107638,38462.3,0,0,0
107588,38548.8,0,0,0
107538,38635.2,0,0,0
107487,38721.6,0,0,0
107437,38808.1,0,0,0
107387,38894.5,0,0,0
107337,38980.9,0,0,0
107286,39067.4,0,0,0
107236,39153.8,0,0,0
107186,39240.2,0,0,0
107136,39326.6,0,0,0
107085,39413.1,0,0,0
107035,39499.5,0,0,0
106985,39585.9,0,0,0
106935,39672.4,0,0,0
106884,39758.8,0,0,0
106834,39845.2,0,0,0
106784,39931.7,0,0,0
106734,40018.1,0,0,0
106683,40104.5,0,0,0
106633,40191,0,0,0
106583,40277.4,0,0,0
106533,40363.8,0,0,0
106482,40450.3,0,0,0
106432,40536.7,0,0,0
106382,40623.1,0,0,0
106332,40709.6,0,0,0
106281,40796,0,0,0
106231,40882.4,0,0,0
106181,40968.9,0,0,0
106131,41055.3,0,0,0
106080,41141.7,0,0,0
106030,41228.2,0,0,0
105980,41314.6,0,0,0
105930,41401,0,0,0
105879,41487.5,0,0,0
105829,41573.9,0,0,0
105779,41660.3,0,0,0
105729,41746.7,0,0,0
105678,41833.2,0,0,0
105628,41919.6,0,0,0
105578,42006,0,0,0
105528,42092.5,0,0,0
105477,42178.9,0,0,0
105427,42265.3,0,0,0
105377,42351.8,0,0,0
105327,42438.2,0,0,0
105276,42524.6,0,0,0
105226,42611.1,0,0,0
105176,42697.5,0,0,0
105126,42783.9,0,0,0
105075,42870.4,0,0,0
131100,0,0,465,23355700
131200,0,0,465,23379900
131300,0,0,465,23404200
131400,0,0,465,23428500
131500,0,0,465,23452900
131600,0,0,465,23477400
131700,0,0,465,23501900
131800,0,0,465,23526500
131900,0,0,465,23551200
132100,0,0,465,23600700
132200,0,0,465,23625600
132300,0,0,465,23650500
132400,0,0,465,23675500
132500,0,0,465,23700500
132600,0,0,465,23725700
132700,0,0,465,23750800
132800,0,0,465,23776100
132900,0,0,465,23801400
133000,0,0,465,23826800
133100,0,0,465,23852200
133200,0,0,465,23877700
133300,0,0,465,23903300
133400,0,0,465,23928900
133500,0,0,465,23954600
133600,0,0,465,23980400
133700,0,0,465,24006200
133800,0,0,465,24032100
133900,0,0,465,24058000
134000,0,0,465,24084000
134100,0,0,465,24110100
134200,0,0,465,24136200
134300,0,0,465,24162400
134400,0,0,465,24188700
134500,0,0,465,24215000
134600,0,0,465,24241300
134700,0,0,465,24267800
134800,0,0,465,24294300
134900,0,0,465,24320800
135000,0,0,465,24347400
135100,0,0,465,24374100
135200,0,0,465,24400800
135300,0,0,465,24427600
135400,0,0,465,24454500
135500,0,0,465,24481400
135600,0,0,465,24508400
135700,0,0,465,24535400
135800,0,0,465,24562500
135900,0,0,465,24589600
136000,0,0,465,24616800
136100,0,0,465,24644100
136200,0,0,465,24671400
136300,0,0,465,24698800
136400,0,0,465,24726200
136500,0,0,465,24753700
136600,0,0,465,24781200
136700,0,0,465,24808800
136800,0,0,465,24836500
136900,0,0,465,24864200
137000,0,0,465,24892000
137100,0,0,465,24919800
137200,0,0,465,24947700
137300,0,0,465,24975600
137400,0,0,465,25003600
137500,0,0,465,25031600
137600,0,0,465,25059700
137700,0,0,465,25087900
137800,0,0,465,25116100
137900,0,0,465,25144400
138000,0,0,465,25172700
138100,0,0,465,25201100
138200,0,0,465,25229500
138300,0,0,465,25258000
138400,0,0,465,25286500
138500,0,0,465,25315100
138600,0,0,465,25343700
138700,0,0,465,25372400
138800,0,0,465,25401200
138900,0,0,465,25430000
139000,0,0,465,25458800
139100,0,0,465,25487700
139200,0,0,465,25516700
139300,0,0,465,25545700
139400,0,0,465,25574700
139500,0,0,465,25603800
139600,0,0,465,25633000
139700,0,0,465,25662200
139800,0,0,465,25691500
139900,0,0,465,25720800
140000,0,0,465,25750200
140100,0,0,465,25779600
140200,0,0,465,25809000
140300,0,0,465,25838600
140400,0,0,465,25868100
140500,0,0,465,25897700
140600,0,0,465,25927400
140700,0,0,465,25957100
140800,0,0,465,25986900
140900,0,0,465,26016700
141000,0,0,465,26046500
141100,0,0,465,26076500
141200,0,0,465,26106400
141300,0,0,465,26136400
141400,0,0,465,26166500
141500,0,0,465,26196600
141600,0,0,465,26226700
141700,0,0,465,26256900
141800,0,0,465,26287200
141900,0,0,465,26317500
142000,0,0,465,26347800
142100,0,0,465,26378200
142200,0,0,465,26408600
142300,0,0,465,26439100
142400,0,0,465,26469600
142500,0,0,465,26500200
142600,0,0,465,26530800
142700,0,0,465,26561500
142800,0,0,465,26592200
142900,0,0,465,26623000
143000,0,0,465,26653800
143100,0,0,465,26684600
143200,0,0,465,26715500
143300,0,0,465,26746500
143400,0,0,465,26777400
143500,0,0,465,26808500
143600,0,0,465,26839600
143700,0,0,465,26870700
143800,0,0,465,26901800
143900,0,0,465,26933000
144000,0,0,465,26964300
144100,0,0,465,26995600
144200,0,0,465,27026900
144300,0,0,465,27058300
144400,0,0,465,27089700
144500,0,0,465,27121200
144600,0,0,465,27152700
144700,0,0,465,27184300
144800,0,0,465,27215900
144900,0,0,465,27247500
145000,0,0,465,27279200
145100,0,0,465,27310900
145200,0,0,465,27342700
145300,0,0,465,27374500
145400,0,0,465,27406400
145500,0,0,465,27438300
145600,0,0,465,27470200
145700,0,0,465,27502200
145800,0,0,465,27534200
145900,0,0,465,27566300
146000,0,0,465,27598400
146100,0,0,465,27630500
146200,0,0,465,27662700
146300,0,0,465,27694900
146400,0,0,465,27727200
146500,0,0,465,27759500
146600,0,0,465,27791800
146700,0,0,465,27824200
146800,0,0,465,27856600
146900,0,0,465,27889100
147000,0,0,465,27921600
147100,0,0,465,27954100
147200,0,0,465,27986700
147300,0,0,465,28019400
147400,0,0,694,41866900
147500,0,0,699,42217700
147600,0,0,699,42266900
147700,0,0,699,42316200
147800,0,0,699,42365500
147900,0,0,699,42414900
148000,0,0,699,42464300
148100,0,0,699,42513800
148200,0,0,699,42563400
148300,0,0,699,42613000
148400,0,0,699,42662700
148500,0,0,699,42712400
148600,0,0,699,42762200
148700,0,0,699,42812100
148800,0,0,699,42862000
148900,0,0,699,42911900
149000,0,0,699,42961900
149100,0,0,699,43012000
149200,0,0,699,43062100
149300,0,0,699,43112300
149400,0,0,699,43162500
149500,0,0,699,43212800
149600,0,0,699,43263200
149700,0,0,699,43313600
149800,0,0,699,43364000
149900,0,0,699,43414500
150000,0,0,699,43465100
150100,0,0,699,43515700
150200,0,0,699,43566400
150300,0,0,699,43617100
150400,0,0,699,43667900
150500,0,0,699,43718700
150600,0,0,699,43769600
150700,0,0,699,43820500
150800,0,0,699,43871500
150900,0,0,699,43922500
151000,0,0,699,43973600
151100,0,0,699,44024700
151200,0,0,699,44075900
151300,0,0,699,44127200
151400,0,0,699,44178400
151500,0,0,699,44229800
151600,0,0,699,44281200
151700,0,0,699,44332600
151800,0,0,699,44384100
151900,0,0,699,44435700
152000,0,0,699,44487300
152100,0,0,699,44538900
152200,0,0,699,44590600
152300,0,0,699,44642300
152400,0,0,699,44694100
152500,0,0,699,44746000
152600,0,0,699,44797900
152700,0,0,699,44849800
152800,0,0,699,44901800
152900,0,0,699,44953800
153000,0,0,699,45005900
153100,0,0,699,45058100
153200,0,0,699,45110200
153300,0,0,699,45162500
153400,0,0,699,45214700
153500,0,0,699,45267100
153600,0,0,699,45319400
153700,0,0,699,45371900
153800,0,0,699,45424300
153900,0,0,699,45476900
154000,0,0,699,45529400
154100,0,0,699,45582000
154200,0,0,699,45634700
154300,0,0,699,45687400
154400,0,0,699,45740100
154500,0,0,699,45792900
154600,0,0,699,45845800
154700,0,0,699,45898600
154800,0,0,699,45951600
154900,0,0,699,46004500
155000,0,0,699,46057600
155100,0,0,699,46110600
155200,0,0,699,46163700
155300,0,0,699,46216900
155400,0,0,699,46270100
155500,0,0,699,46323300
155600,0,0,699,46376600
155700,0,0,699,46430000
155800,0,0,699,46483300
155900,0,0,699,46536700
156000,0,0,699,46590200
156100,0,0,699,46643700
156200,0,0,699,46697300
156300,0,0,699,46750900
156400,0,0,699,46804500
156500,0,0,699,46858200
156600,0,0,699,46911900
156700,0,0,699,46965700
156800,0,0,699,47019500
156900,0,0,699,47073300
157000,0,0,699,47127200
157100,0,0,699,47181100
157200,0,0,699,47235100
157300,0,0,699,47289100
157400,0,0,699,47343200
157500,0,0,699,47397300
157600,0,0,699,47451400
157700,0,0,699,47505600
157800,0,0,699,47559800
157900,0,0,699,47614100
158000,0,0,699,47668400
158100,0,0,699,47722700
158200,0,0,699,47777100
158300,0,0,699,47831600
158400,0,0,699,47886000
158500,0,0,699,47940500
158600,0,0,699,47995100
158700,0,0,699,48049700
158800,0,0,699,48104300
158900,0,0,699,48159000
159000,0,0,699,48213700
159100,0,0,699,48268400
159200,0,0,699,48323200
159300,0,0,699,48378000
159400,0,0,699,48432900
159500,0,0,699,48487800
159600,0,0,699,48542700
159700,0,0,699,48597700
159800,0,0,699,48652700
159900,0,0,699,48707700
160000,0,0,699,48762800
160100,0,0,699,48818000
160200,0,0,699,48873100
160300,0,0,699,48928300
160400,0,0,699,48983600
160500,0,0,699,49038900
160600,0,0,699,49094200
160700,0,0,699,49149500
160800,0,0,699,49204900
160900,0,0,699,49260300
161000,0,0,699,49315800
161100,0,0,699,49371300
161200,0,0,699,49426800
161300,0,0,699,49482400
161400,0,0,699,49538000
161500,0,0,699,49593700
161600,0,0,699,49649400
161700,0,0,699,49705100
161800,0,0,699,49760800
161900,0,0,699,49816600
162000,0,0,699,49872400
162100,0,0,699,49928300
162200,0,0,699,49984200
162300,0,0,699,50040100
162400,0,0,699,50096100
162500,0,0,699,50152100
162600,0,0,699,50208100
162700,0,0,699,50264200
162800,0,0,699,50320300
162900,0,0,699,50376500
163000,0,0,699,50432600
163100,0,0,699,50488800
163200,0,0,699,50545100
163300,0,0,699,50601400
163400,0,0,699,50657700
163500,0,0,699,50714000
163600,0,0,699,50770400
163700,0,0,699,50826800
163800,0,0,699,50883200
163900,0,0,699,50939700
164000,0,0,699,50996200
164100,0,0,699,51052800
164200,0,0,699,51109400
164300,0,0,699,51166000
164400,0,0,699,51222600
164500,0,0,699,51279300
164600,0,0,699,51336000
164700,0,0,699,51392700
164800,0,0,699,51449500
164900,0,0,699,51506300
165000,0,0,699,51563200
165100,0,0,699,51620000
165200,0,0,699,51676900
165300,0,0,699,51733900
165400,0,0,699,51790800
165500,0,0,699,51847800
165600,0,0,699,51904900
165700,0,0,699,51961900
165800,0,0,699,52019000
165900,0,0,699,52076100
166000,0,0,699,52133300
166100,0,0,699,52190500
166200,0,0,699,52247700
166300,0,0,699,52304900
166400,0,0,699,52362200
166500,0,0,699,52419500
166600,0,0,699,52476900
166700,0,0,699,52534200
166800,0,0,699,52591600
166900,0,0,699,52649100
167000,0,0,699,52706500
167100,0,0,699,52764000
167200,0,0,699,52821500
167300,0,0,699,52879100
167400,0,0,699,52936700
167500,0,0,699,52994300
167600,0,0,699,53051900
167700,0,0,699,53109600
167800,0,0,699,53167300
167900,0,0,699,53225000
168000,0,0,699,53282800
168100,0,0,699,53340600
168200,0,0,699,53398400
168300,0,0,699,53456200
168400,0,0,699,53514100
168500,0,0,699,53572000
168600,0,0,699,53629900
168700,0,0,699,53687900
168800,0,0,699,53745900
168900,0,0,699,53803900
169000,0,0,699,53861900
169100,0,0,699,53920000
169200,0,0,699,53978100
169300,0,0,699,54036200
169400,0,0,699,54094400
169500,0,0,699,54152600
169600,0,0,699,54210800
169700,0,0,699,54269000
169800,0,0,699,54327300
169900,0,0,699,54385600
170000,0,0,699,54443900
170100,0,0,699,54502200
170200,0,0,699,54560600
170300,0,0,699,54619000
170400,0,0,699,54677400
170500,0,0,699,54735900
170600,0,0,699,54794400
170700,0,0,699,54852900
170800,0,0,699,54911400
170900,0,0,699,54970000
171000,0,0,699,55028600
171100,0,0,699,55087200
171200,0,0,699,55145800
171300,0,0,699,55204500
171400,0,0,699,55263200
171500,0,0,699,55321900
171600,0,0,699,55380600
171700,0,0,699,55439400
171800,0,0,699,55498200
171900,0,0,699,55557000
172000,0,0,699,55615900
172100,0,0,699,55674800
172200,0,0,699,55733700
172300,0,0,699,55792600
172400,0,0,699,55851500
172500,0,0,699,55910500
172600,0,0,699,55969500
172700,0,0,699,56028500
172800,0,0,699,56087600
172900,0,0,699,56146700
173000,0,0,699,56205800
173100,0,0,699,56264900
173200,0,0,699,56324000
173300,0,0,699,56383200
173400,0,0,699,56442400
173500,0,0,699,56501600
173600,0,0,699,56560900
173700,0,0,699,56620200
173800,0,0,699,56679400
173900,0,0,699,56738800
174000,0,0,699,56798100
174100,0,0,699,56857500
174200,0,0,699,56916900
174300,0,0,699,56976300
174400,0,0,699,57035700
174500,0,0,699,57095200
174600,0,0,699,57154700
174700,0,0,699,57214200
174800,0,0,699,57273700
174900,0,0,699,57333300
175000,0,0,699,57392900
175100,0,0,699,57452500
175200,0,0,699,57512100
175300,0,0,699,57571800
175400,0,0,699,57631400
175500,0,0,699,57691100
175600,0,0,699,57750800
175700,0,0,699,57810600
175800,0,0,699,57870300
175900,0,0,699,57930100
176000,0,0,699,57989900
176100,0,0,699,58049800
176200,0,0,699,58109600
176300,0,0,699,58169500
176400,0,0,699,58229400
176500,0,0,699,58289300
176600,0,0,699,58349300
176700,0,0,699,58409200
176800,0,0,699,58469200
176900,0,0,699,58529200
177000,0,0,699,58589300
177100,0,0,699,58649300
177200,0,0,699,58709400
177300,0,0,699,58769500
177400,0,0,699,58829600
177500,0,0,699,58889800
177600,0,0,699,58949900
177700,0,0,699,59010100
177800,0,0,699,59070300
177900,0,0,699,59130600
178000,0,0,699,59190800
178100,0,0,699,59251100
178200,0,0,699,59311400
178300,0,0,699,59371700
178400,0,0,699,59432000
178500,0,0,699,59492400
178600,0,0,699,59552700
178700,0,0,699,59613100
178800,0,0,699,59673500
178900,0,0,699,59734000
179000,0,0,699,59794400
179100,0,0,699,59854900
179200,0,0,699,59915400
179300,0,0,699,59975900
179400,0,0,699,60036500
179500,0,0,699,60097000
179600,0,0,699,60157600
179700,0,0,699,60218200
179800,0,0,699,60278800
179900,0,0,699,60339500
180000,0,0,699,60400100
180100,0,0,699,60460800
180200,0,0,699,60521500
180300,0,0,699,60582200
180400,0,0,699,60643000
180500,0,0,699,60703700
180600,0,0,699,60764500
180700,0,0,699,60825300
180800,0,0,699,60886100
180900,0,0,699,60947000
181000,0,0,699,61007800
181100,0,0,699,61068700
181200,0,0,699,61129600
181300,0,0,699,61190500
181400,0,0,699,61251500
181500,0,0,699,61312400
181600,0,0,699,61373400
181700,0,0,699,61434400
181800,0,0,699,61495400
181900,0,0,699,61556400
182000,0,0,699,61617500
182100,0,0,699,61678500
182200,0,0,699,61739600
182300,0,0,699,61800700
182400,0,0,699,61861800
182500,0,0,699,61923000
182600,0,0,699,61984100
182700,0,0,699,62045300
182800,0,0,699,62106500
182900,0,0,699,62167700
183000,0,0,699,62229000
183100,0,0,699,62290200
183200,0,0,699,62351500
183300,0,0,699,62412800
183400,0,0,699,62474100
183500,0,0,699,62535400
183600,0,0,699,62596800
183700,0,0,699,62658100
183800,0,0,699,62719500
183900,0,0,699,62780900
184000,0,0,699,62842300
184100,0,0,699,62903700
184200,0,0,699,62965200
184300,0,0,699,63026700
184400,0,0,699,63088100
184500,0,0,699,63149600
184600,0,0,699,63211200
184700,0,0,699,63272700
184800,0,0,699,63334200
184900,0,0,699,63395800
185000,0,0,699,63457400
185100,0,0,699,63519000
185200,0,0,699,63580600
185300,0,0,699,63642300
185400,0,0,699,63703900
185500,0,0,699,63765600
185600,0,0,699,63827300
185700,0,0,699,63889000
185800,0,0,699,63950700
185900,0,0,699,64012500
186000,0,0,699,64074200
186100,0,0,699,64136000
186200,0,0,699,64197800
186300,0,0,699,64259600
186400,0,0,699,64321400
186500,0,0,699,64383300
186600,0,0,699,64445100
186700,0,0,699,64507000
186800,0,0,699,64568900
186900,0,0,699,64630800
187000,0,0,699,64692700
187100,0,0,699,64754700
187200,0,0,699,64816600
187300,0,0,699,64878600
187400,0,0,699,64940600
187500,0,0,699,65002600
187600,0,0,699,65064600
187700,0,0,699,65126600
187800,0,0,699,65188700
187900,0,0,699,65250800
188000,0,0,699,65312900
188100,0,0,699,65375000
188200,0,0,699,65437100
188300,0,0,699,65499200
188400,0,0,699,65561300
188500,0,0,699,65623500
188600,0,0,699,65685700
188700,0,0,699,65747900
188800,0,0,699,65810100
188900,0,0,699,65872300
189000,0,0,699,65934600
189100,0,0,699,65996800
189200,0,0,699,66059100
189300,0,0,699,66121400
189400,0,0,699,66183700
189500,0,0,699,66246000
189600,0,0,699,66308300
189700,0,0,699,66370700
189800,0,0,699,66433000
189900,0,0,699,66495400
190000,0,0,699,66557800
190100,0,0,699,66620200
190200,0,0,699,66682600
190300,0,0,699,66745000
190400,0,0,699,66807500
190500,0,0,699,66870000
190600,0,0,699,66932400
190700,0,0,699,66994900
190800,0,0,699,67057400
190900,0,0,699,67120000
191000,0,0,699,67182500
191100,0,0,699,67245100
191200,0,0,699,67307600
191300,0,0,699,67370200
191400,0,0,699,67432800
191500,0,0,699,67495400
191600,0,0,699,67558000
191700,0,0,699,67620700
191800,0,0,699,67683300
191900,0,0,699,67746000
192000,0,0,699,67808700
192100,0,0,699,67871400
192200,0,0,699,67934100
192300,0,0,699,67996800
192400,0,0,699,68059500
192500,0,0,699,68122300
192600,0,0,699,68185100
192700,0,0,699,68247800
192800,0,0,699,68310600
192900,0,0,699,68373400
193000,0,0,699,68436300
193100,0,0,699,68499100
193200,0,0,699,68561900
193300,0,0,699,68624800
193400,0,0,699,68687700
193500,0,0,699,68750600
193600,0,0,699,68813500
193700,0,0,699,68876400
193800,0,0,699,68939300
193900,0,0,699,69002300
194000,0,0,699,69065200
194100,0,0,699,69128200
194200,0,0,699,69191200
194300,0,0,699,69254200
194400,0,0,699,69317200
194500,0,0,699,69380200
194600,0,0,699,69443200
194700,0,0,699,69506300
194800,0,0,699,69569300
194900,0,0,699,69632400
195000,0,0,699,69695500
195100,0,0,699,69758600
195200,0,0,699,69821700
195300,0,0,699,69884900
195400,0,0,699,69948000
195500,0,0,699,70011100
195600,0,0,699,70074300
195700,0,0,699,70137500
195800,0,0,699,70200700
195900,0,0,699,70263900
196000,0,0,699,70327100
196100,0,0,699,70390300
196200,0,0,699,70453600
196300,0,0,699,70516800
196400,0,0,699,70580100
196500,0,0,699,70643400
196600,0,0,699,70706700
196700,0,0,699,70770000
196800,0,0,699,70833300
196900,0,0,699,70896600
197000,0,0,699,70960000
197100,0,0,699,71023300
197200,0,0,699,71086700
197300,0,0,699,71150100
197400,0,0,699,71213400
197500,0,0,699,71276800
197600,0,0,699,71340300
197700,0,0,699,71403700
197800,0,0,699,71467100
197900,0,0,699,71530600
198000,0,0,699,71594000
198100,0,0,699,71657500
198200,0,0,699,71721000
198300,0,0,699,71784500
198400,0,0,699,71848000
198500,0,0,699,71911500
198600,0,0,699,71975100
198700,0,0,699,72038600
198800,0,0,699,72102200
198900,0,0,699,72165700
199000,0,0,699,72229300
199100,0,0,699,72292900
199200,0,0,699,72356500
199300,0,0,699,72420100
199400,0,0,699,72483800
199500,0,0,699,72547400
199600,0,0,699,72611100
199700,0,0,699,72674700
199800,0,0,699,72738400
199900,0,0,699,72802100
200000,0,0,699,72865800
200100,0,0,699,72929500
200200,0,0,699,72993200
200300,0,0,699,73056900
200400,0,0,699,73120700
200500,0,0,699,73184400
200600,0,0,699,73248200
200700,0,0,699,73312000
200800,0,0,699,73375700
200900,0,0,699,73439500
201000,0,0,699,73503400
201100,0,0,699,73567200
201200,0,0,699,73631000
201300,0,0,699,73694800
201400,0,0,699,73758700
201500,0,0,699,73822600
201600,0,0,699,73886400
201700,0,0,699,73950300
201800,0,0,699,74014200
201900,0,0,699,74078100
202000,0,0,699,74142000
202100,0,0,699,74206000
202200,0,0,699,74269900
202300,0,0,699,74333900
202400,0,0,699,74397800
202500,0,0,699,74461800
202600,0,0,699,74525800
202700,0,0,699,74589800
202800,0,0,699,74653800
202900,0,0,699,74717800
203000,0,0,699,74781800
203100,0,0,699,74845900
203200,0,0,699,74909900
203300,0,0,699,74974000
203400,0,0,699,75038000
203500,0,0,699,75102100
203600,0,0,699,75166200
203700,0,0,699,75230300
203800,0,0,699,75294400
203900,0,0,699,75358500
204000,0,0,699,75422600
204100,0,0,699,75486800
204200,0,0,699,75550900
204300,0,0,699,75615100
204400,0,0,699,75679300
204500,0,0,699,75743400
204600,0,0,699,75807600
204700,0,0,699,75871800
204800,0,0,699,75936000
204900,0,0,699,76000300
205000,0,0,699,76064500
205100,0,0,699,76128700
205200,0,0,699,76193000
205300,0,0,699,76257200
205400,0,0,699,76321500
205500,0,0,699,76385800
205600,0,0,699,76450100
205700,0,0,699,76514400
205800,0,0,699,76578700
205900,0,0,699,76643000
206000,0,0,699,76707300
206100,0,0,699,76771700
206200,0,0,699,76836000
206300,0,0,699,76900400
206400,0,0,699,76964700
206500,0,0,699,77029100
206600,0,0,699,77093500
206700,0,0,699,77157900
206800,0,0,699,77222300
206900,0,0,699,77286700
207000,0,0,699,77351200
207100,0,0,699,77415600
207200,0,0,699,77480000
207300,0,0,699,77544500
207400,0,0,699,77609000
207500,0,0,699,77673400
207600,0,0,699,77737900
207700,0,0,699,77802400
207800,0,0,699,77866900
207900,0,0,699,77931400
208000,0,0,699,77995900
208100,0,0,699,78060500
208200,0,0,699,78125000
208300,0,0,699,78189500
208400,0,0,699,78254100
208500,0,0,699,78318700
208600,0,0,699,78383200
208700,0,0,699,78447800
208800,0,0,699,78512400
208900,0,0,699,78577000
209000,0,0,699,78641600
209100,0,0,699,78706200
209200,0,0,699,78770900
209300,0,0,699,78835500
209400,0,0,699,78900200
209500,0,0,699,78964800
209600,0,0,699,79029500
209700,0,0,699,79094100
209800,0,0,699,79158800
209900,0,0,699,79223500
