SN:,x,y,z,z_dummy,score,score_d
SN:,-3633,1438,0,1.41491,5.80597,14149.1
SN:,-3679,1360,0,0.982041,3.88534,9820.41
SN:,-4026,752,0,1.41172,4.37389,14117.2
SN:,-4272,577,0,2.05357,6.54891,20535.7
SN:,-8693,572,0,0,0,0
SN:,-3983,-7959,0,0.0530528,1.33894,530.528
SN:,-3953,-7933,0,0.0576638,1.32278,576.638
SN:,-3932,-7883,0,0.069721,1.42242,697.21
SN:,-3926,-7669,0,0.0384788,0.546385,384.788
SN:,-3925,-7472,0,0.0590085,0.654744,590.085
SN:,-7940,137,0,0,0,0
SN:,-7911,59,0,0,0,0
SN:,-7980,1365,0,0.0208995,2.24722,208.995
SN:,-7981,1179,0,0.0256037,2.75304,256.037
SN:,-8105,1166,0,0.0272431,1.24958,272.431
SN:,-8031,534,0,0.0883382,1.18479,883.382
SN:,-7976,187,0,0,0,0
SN:,-8045,429,0,0,0,0
SN:,-6711,176,0,0,0,0
SN:,-6714,121,0,0,0,0
SN:,-6709,51,0,0,0,0
SN:,-6703,-19,0,0,0,0
SN:,-6702,-60,0,0,0,0
SN:,-6698,-169,0,0,0,0
SN:,-6702,-287,0,0,0,0
SN:,-6770,-381,0,0,0,0
SN:,-6816,-434,0,0,0,0
SN:,-6855,-474,0,0,0,0
SN:,-6877,-499,0,0,0,0
SN:,-6920,-545,0,0,0,0
SN:,-6985,-615,0,0,0,0
SN:,-7028,-665,0,0,0,0
SN:,-7075,-720,0,0,0,0
SN:,-7137,-789,0,0,0,0
SN:,-7486,-3980,0,0,0,0
SN:,-7461,-3913,0,0,0,0
SN:,-7423,-3838,0,0,0,0
SN:,-7407,-3803,0,0,0,0
SN:,-7368,-3720,0,0,0,0
SN:,-7332,-3621,0,0,0,0
SN:,-7299,-3549,0,0,0,0
SN:,-7277,-3499,0,0,0,0
SN:,-7261,-3448,0,0,0,0
SN:,-7229,-3188,0,0,0,0
SN:,-7212,-3002,0,0,0,0
SN:,-7194,-2775,0,0,0,0
SN:,-7182,-2728,0,0,0,0
SN:,-7169,-2679,0,0,0,0
SN:,-7123,-2536,0,0,0,0
SN:,-7052,-2369,0,0,0,0
SN:,-7023,-2294,0,0,0,0
SN:,-7029,-2194,0,0,0,0
SN:,-7032,-2137,0,0,0,0
SN:,-7040,-2011,0,0,0,0
SN:,-7126,-1784,0,0,0,0
SN:,-7235,-1494,0,0,0,0
SN:,-7250,-1430,0,0,0,0
SN:,-7245,-1318,0,0,0,0
SN:,-7223,-1088,0,0,0,0
SN:,-7195,-989,0,0,0,0
SN:,-7138,-896,0,0,0,0
SN:,-7142,-676,0,0,0,0
SN:,-7149,-510,0,0,0,0
SN:,-7151,-459,0,0,0,0
SN:,-7152,-417,0,0,0,0
SN:,-7155,-334,0,0,0,0
SN:,-7156,-296,0,0,0,0
SN:,-7158,-249,0,0,0,0
SN:,-7160,-189,0,0,0,0
SN:,-7162,-127,0,0,0,0
SN:,-7164,-67,0,0,0,0
SN:,-7168,46,0,0,0,0
SN:,-7169,91,0,0,0,0
SN:,-7171,147,0,0,0,0
SN:,-7243,697,0,0,0,0
SN:,-7255,746,0,0,0,0
SN:,-7272,787,0,0,0,0
SN:,-7276,818,0,0,0,0
SN:,-7278,867,0,0,0,0
SN:,-7276,984,0,0,0,0
SN:,-7275,1080,0,0,0,0
SN:,-7277,1112,0,0,0,0
SN:,-7280,1166,0,0.0418104,0.559193,418.104
SN:,-7286,1252,0,0.0490154,0.587785,490.154
SN:,-7291,1340,0,0.0566689,0.615661,566.689
SN:,-4024,-7938,0,0.00589801,0.168436,58.9801
SN:,-3409,-7955,0,0,0,0
SN:,-6362,2181,0,0.0519164,0.5,519.164
SN:,-6345,2218,0,0.047725,0.442289,477.25
SN:,-6270,2379,0,0.0403939,0.321439,403.939
SN:,-6230,2436,0,0.034327,0.258819,343.27
SN:,-6187,2528,0,0.0278559,0.19509,278.559
SN:,-6168,2566,0,0.0191917,0.130526,191.917
SN:,-6012,2694,0,0,0,0
SN:,-3606,3559,0,0,0,0
SN:,-3415,3449,0,0,0,0
SN:,-3403,3398,0,0,0,0
SN:,-3375,3370,0,0,0,0
SN:,-3315,3350,0,0,0,0
SN:,-3215,3349,0,0,0,0
SN:,-5866,-7177,0,0.176542,0.840288,1765.42
SN:,-6289,-6861,0,0.191884,0.99011,1918.84
SN:,-7517,538,0,0.105713,0.881546,1057.13
SN:,-6364,-5964,0,0.133263,1.28612,1332.63
SN:,-6248,-5960,0,0,0,0
SN:,-6174,-5959,0,0,0,0
SN:,-5866,-5942,0,0,0,0
SN:,-5690,-5906,0,0,0,0
SN:,-5535,-5853,0,0,0,0
SN:,-5396,-5825,0,0,0,0
SN:,-5254,-5880,0,0,0,0
SN:,-5163,-5924,0,0,0,0
SN:,-5116,-5944,0,0,0,0
SN:,-5082,-5946,0,0,0,0
SN:,-4938,-5959,0,0,0,0
SN:,-4800,-5975,0,0,0,0
SN:,-4721,-6022,0,0,0,0
SN:,-4674,-6050,0,0,0,0
SN:,-4597,-6095,0,0,0,0
SN:,-4535,-6129,0,0,0,0
SN:,-4496,-6192,0,0,0,0
SN:,-4437,-6203,0,0,0,0
SN:,-4381,-6231,0,0,0,0
SN:,-4341,-7357,0,0.112259,0.976494,1122.59
SN:,-4077,1450,0,0,0,0
SN:,-4045,1454,0,0.272505,0.999802,2725.05
SN:,-3982,1472,0,0.278986,0.999555,2789.86
SN:,-3931,1490,0,0.27427,0.999209,2742.7
SN:,-3812,1488,0,0.262261,0.998765,2622.61
SN:,-3775,1466,0,0.257821,0.998221,2578.21
SN:,-3723,1448,0,0.252166,0.997579,2521.66
SN:,-3680,1440,0,0.247619,0.996839,2476.19
SN:,-3496,1438,0,0,0,0
SN:,-5395,185,0,0,0,0
SN:,-5411,262,0,0,0,0
SN:,-5420,312,0,0,0,0
SN:,-5428,361,0,0,0,0
SN:,-5442,449,0,0.579325,2.95801,5793.25
SN:,-5430,491,0,0,0,0
SN:,-4221,1231,0,0,0,0
SN:,-4097,1352,0,0.283993,0.999951,2839.93
SN:,-6461,-4486,0,0.140939,1.55541,1409.39
SN:,-6457,-4310,0,0.171545,1.5852,1715.45
SN:,-6483,-4192,0,0.192449,1.59975,1924.49
SN:,-6499,-3822,0,0.260482,1.6556,2604.82
SN:,-6507,-3511,0,0.254782,1.69497,2547.82
SN:,-6519,-3283,0,0.219272,1.71998,2192.72
SN:,-6527,-3031,0,0.179553,1.75563,1795.53
SN:,-6547,-2666,0,0.118264,1.79958,1182.64
SN:,-6562,-2252,0,0.0446785,1.83935,446.785
SN:,-6534,-1767,0,0.033031,2.8259,330.31
SN:,-6515,-1534,0,0.0226706,1.93954,226.706
SN:,-6499,-1357,0,0.0585365,1.98693,585.365
SN:,-6454,-1242,0,0.0840462,2.0102,840.462
SN:,-6383,-1069,0,0.124402,2.05589,1244.02
SN:,-7803,-2008,0,0,0,0
SN:,-7933,-2007,0,0,0,0
SN:,-4202,-6256,0,0.440653,1.79588,4406.53
SN:,-4318,-8765,0,0.198273,1.99581,1982.73
SN:,-4503,-7102,0,0.188552,1.29154,1885.52
SN:,-4335,-6427,0,0,0,0
SN:,-4329,-6486,0,0.361013,1.64774,3610.13
SN:,-2049,-8007,0,0.134807,1.344,1348.07
SN:,-2297,-7991,0,0.150532,1.20277,1505.32
SN:,-2387,-7986,0,0,0,0
SN:,-2445,-7985,0,0,0,0
SN:,-2639,-7969,0,0,0,0
SN:,-2830,-7960,0,0,0,0
SN:,-3052,-7947,0,0,0,0
SN:,-3497,-7959,0,0,0,0
SN:,-3543,-7967,0,0,0,0
SN:,-3708,-8028,0,0.0504355,0.736648,504.355
SN:,-3796,-8031,0,0.0571704,0.958253,571.704
SN:,-3930,-7412,0,0.0681422,0.708741,681.422
SN:,-3952,-7361,0,0.0775565,0.762603,775.565
SN:,-4011,-7346,0,0.0879889,0.81632,879.889
SN:,-4131,-7367,0,0.104359,0.86988,1043.59
SN:,-4646,-7346,0,0.0442309,0.523804,442.309
SN:,-4648,-7434,0,0.0378589,0.500518,378.589
SN:,-4413,-7943,0,0.00112361,0.288082,11.2361
SN:,-4335,-7944,0,0.000937344,0.240325,9.37344
SN:,-4648,-7913,0,0.0106217,0.383066,106.217
SN:,-4652,-7526,0,0.0316981,0.47716,316.981
SN:,-4223,-7938,0,0.0335038,2.21639,335.038
SN:,-4650,-7626,0,0.0256035,0.453732,256.035
SN:,-4204,-8334,0,0.109468,1.99895,1094.68
SN:,-4476,-7940,0,0.0031837,0.3119,31.837
SN:,-4525,-7936,0,0.00507662,0.335672,50.7662
SN:,-4582,-7933,0,0.0074868,0.359395,74.868
SN:,-5230,-8998,0,0,0,0
SN:,-4221,-7996,0,0.0418383,1.99993,418.383
SN:,-2249,-5567,0,0.315185,0.72775,3151.85
SN:,-1998,-5779,0,0.292816,0.674983,2928.16
SN:,-2248,-5812,0,0.28892,0.707107,2889.2
SN:,-1865,-5891,0,0.27923,0.652822,2792.3
SN:,-2451,-5561,0,0,0,0
SN:,-2678,-5564,0,0,0,0
SN:,-1742,-5883,0,0.266491,0.641525,2664.91
SN:,-4309,-6450,0,0.378893,1.69745,3788.93
SN:,-4057,-6164,0,0,0,0
SN:,-3876,-6158,0,0,0,0
SN:,-3698,-6147,0,0,0,0
SN:,-4126,-6263,0,0,0,0
SN:,-4087,-6203,0,0,0,0
SN:,-2252,-5899,0,0,0,0
SN:,-4601,-6924,0,0.231951,1.39469,2319.51
SN:,-2572,-5805,0,0,0,0
SN:,-4953,-7327,0,0.0683408,0.59319,683.408
SN:,-2776,-5876,0,0,0,0
SN:,-2656,-5808,0,0,0,0
SN:,-3428,-6146,0,0,0,0
SN:,-3395,-6146,0,0,0,0
SN:,-4958,-7132,0,0,0,0
SN:,-2892,-5960,0,0,0,0
SN:,-2928,-6115,0,0,0,0
SN:,-4791,-7078,0,0,0,0
SN:,-2241,-5469,0,0.326807,0.737833,3268.07
SN:,-4754,-7023,0,0,0,0
SN:,-4950,-7165,0,0,0,0
SN:,-3263,-6140,0,0,0,0
SN:,-3116,-6149,0,0,0,0
SN:,-3027,-6141,0,0,0,0
SN:,-2805,-5907,0,0,0,0
SN:,-2837,-5942,0,0,0,0
SN:,-4388,-6581,0,0.332186,1.59772,3321.86
SN:,-4455,-6687,0,0.302318,1.5474,3023.18
SN:,-4518,-6759,0,0.278109,1.49678,2781.09
SN:,-3482,-6138,0,0,0,0
SN:,-2557,-7430,0,0,0,0
SN:,-3536,-7279,0,0,0,0
SN:,-3914,-7335,0,0,0,0
SN:,-2773,-7286,0,0,0,0
SN:,-3379,-7267,0,0,0,0
SN:,-3039,-7233,0,0,0,0
SN:,-2831,-7268,0,0,0,0
SN:,-3724,-7277,0,0,0,0
SN:,-3778,-7274,0,0,0,0
SN:,-3278,-7270,0,0,0,0
SN:,-2438,-7717,0,0,0,0
SN:,-2213,-5242,0,0.352849,0.757511,3528.49
SN:,-2302,-5161,0,0.366547,0.767102,3665.47
SN:,-2341,-5074,0,0.378453,0.776524,3784.53
SN:,-5307,-7224,0,0,0,0
SN:,-5209,-7213,0,0,0,0
SN:,-5156,-7201,0,0,0,0
SN:,-5414,-7243,0,0,0,0
SN:,-5302,-7328,0,0.0993422,0.6618,993.422
SN:,-4555,-7006,0,0.210766,1.34324,2107.66
SN:,-5553,-7322,0,0.127828,0.729545,1278.28
SN:,-5656,-7282,0,0.144314,0.774183,1443.14
SN:,-5591,-7272,0,0,0,0
SN:,-4403,-7206,0,0.155945,1.1874,1559.45
SN:,-4385,-7244,0,0.144289,1.13499,1442.89
SN:,-2247,-7752,0,0.169934,1.13614,1699.34
SN:,-2136,-7773,0,0.0378195,0.235096,378.195
SN:,-1982,-7790,0,0,0,0
SN:,-2867,-6107,0,0,0,0
SN:,-4353,-7317,0,0.122655,1.02953,1226.55
SN:,-4374,-7276,0,0.133936,1.08236,1339.36
SN:,-4467,-7158,0,0.172715,1.23959,1727.15
SN:,-5775,188,0,0,0,0
SN:,-5643,147,0,0,0,0
SN:,-5561,162,0,0,0,0
SN:,-6296,-844,0,0.177766,2.10042,1777.66
SN:,-6225,-657,0,0.224318,2.14379,2243.18
SN:,-6154,-477,0,0.271029,2.18597,2710.29
SN:,-6072,-258,0,0.328188,2.22696,3281.88
SN:,-6056,-133,0,0.359458,2.247,3594.58
SN:,-6062,-84,0,0.373805,2.26673,3738.05
SN:,-6109,363,0,0.381059,2.96608,3810.59
SN:,-5678,426,0,0.51028,2.96436,5102.8
SN:,-6008,391,0,0.412214,2.96657,4122.14
SN:,-6524,267,0,0,0,0
SN:,-6631,238,0,0,0,0
SN:,-6918,151,0,0,0,0
SN:,-7521,136,0,0,0,0
SN:,-7816,67,0,0,0,0
SN:,-6036,821,0,0,0,0
SN:,-6146,806,0,0.0580617,0.691063,580.617
SN:,-6580,732,0,0.0611105,1.34153,611.105
SN:,-6643,722,0,0.0676944,1.30352,676.944
SN:,-6736,696,0,0.0778896,1.26468,778.896
SN:,-6808,670,0,0.0848246,1.22502,848.246
SN:,-7073,562,0,0.107783,1.1014,1077.83
SN:,-8177,-3894,0,0,0,0
SN:,-8573,-4001,0,0,0,0
SN:,-8525,-3979,0,0,0,0
SN:,-8488,-3962,0,0,0,0
SN:,-6261,-2653,0,0,0,0
SN:,-5623,-2617,0,0,0,0
SN:,-5359,-2599,0,0,0,0
SN:,-5185,-2586,0,0,0,0
SN:,-4760,-2813,0,0.915136,3.63972,9151.36
SN:,-4103,-4500,0,1.29938,2.77258,12993.8
SN:,-4053,-4582,0,1.25462,2.73309,12546.2
SN:,-3885,-4692,0,1.16438,2.65255,11643.8
SN:,-4174,-5495,0,0.715402,2.17518,7154.02
SN:,-4020,-5164,0,0.907272,2.39906,9072.72
SN:,-4679,-2573,0,0.952795,3.7667,9527.95
SN:,-4618,-2810,0,0.236057,0.888657,2360.57
SN:,-4005,-5487,0,0.783693,2.26603,7836.93
SN:,-3979,-3792,0,1.43834,3.06891,14383.4
SN:,-4278,-3740,0,1.38977,3.17058,13897.7
SN:,-4872,-3010,0,0.985209,3.59445,9852.09
SN:,-4574,-2296,0,1.08059,3.81464,10805.9
SN:,-4602,-3938,0,1.32026,3.29768,13202.6
SN:,-3914,-4142,0,1.47511,2.9252,14751.1
SN:,-4888,-3482,0,1.12468,3.49576,11246.8
SN:,-4870,-3628,0,1.16724,3.46941,11672.4
SN:,-4042,-5493,0,0.759731,2.22082,7597.31
SN:,-4849,-3250,0,1.05756,3.54645,10575.6
SN:,-4675,-2478,0,0.992993,3.7834,9929.93
SN:,-3985,-4257,0,1.43693,2.88786,14369.3
SN:,-3991,-4387,0,1.38099,2.84997,13809.9
SN:,-3948,-4841,0,1.08657,2.56999,10865.7
SN:,-4057,-4902,0,1.03723,2.52797,10372.3
SN:,-4128,-4969,0,0.995526,2.48547,9955.26
SN:,-4094,-5048,0,0.957306,2.4425,9573.06
SN:,-4654,-3655,0,1.22318,3.41475,12231.8
SN:,-4739,-3926,0,1.28659,3.32791,12865.9
SN:,-3358,1367,0,0,0,0
SN:,-4308,493,0,0.637109,1.97423,6371.09
SN:,-4363,406,0,0.62933,1.97723,6293.3
SN:,-4434,336,0,0.610479,1.98003,6104.79
SN:,-4236,704,0,0,0,0
SN:,-2964,2223,0,0,0,0
SN:,-3500,2113,0,0.161514,0.92388,1615.14
SN:,-4533,-1871,0,1.21769,3.86842,12176.9
SN:,-4406,-1944,0,0,0,0
SN:,-6555,-1249,0,0,0,0
SN:,-6358,-1235,0,0,0,0
SN:,-4183,-1929,0,0,0,0
SN:,-4827,-977,0,0,0,0
SN:,-2970,-1679,0,0,0,0
SN:,-2944,-1785,0,0,0,0
SN:,-7462,-1085,0,0.132509,0.914794,1325.09
SN:,-2585,-1734,0,0,0,0
SN:,-4589,-1367,0,1.03492,3.91915,10349.2
SN:,-3996,-1908,0,0,0,0
SN:,-3778,-1871,0,0,0,0
SN:,-2375,-1688,0,0,0,0
SN:,-6198,-1213,0,0,0,0
SN:,-7145,-1104,0,0,0,0
SN:,-6991,-1169,0,0,0,0
SN:,-5310,-1061,0,0,0,0
SN:,-7904,-1218,0,0.137807,0.982973,1378.07
SN:,-6099,-1208,0,0,0,0
SN:,-4684,-951,0,0.652304,2.94739,6523.04
SN:,-3704,-1857,0,0,0,0
SN:,-3267,-1743,0,0,0,0
SN:,-2677,-1753,0,0,0,0
SN:,-5105,-1026,0,0,0,0
SN:,-4545,-1757,0,1.17687,3.88004,11768.7
SN:,-4640,-1088,0,0.693242,2.94114,6932.42
SN:,-6420,-507,0,0,0,0
SN:,-6438,-539,0,0,0,0
SN:,-6277,-4510,0,0,0,0
SN:,-6671,469,0,0,0,0
SN:,-6735,552,0,0,0,0
SN:,-6548,352,0,0,0,0
SN:,-6610,390,0,0,0,0
SN:,-6771,606,0,0,0,0
SN:,-6417,20,0,0,0,0
SN:,-6399,-41,0,0,0,0
SN:,-6256,-2696,0,0,0,0
SN:,-6384,-149,0,0,0,0
SN:,-6379,-202,0,0,0,0
SN:,-6376,-257,0,0,0,0
SN:,-6433,104,0,0,0,0
SN:,-6422,69,0,0,0,0
SN:,-6386,-110,0,0,0,0
SN:,-6126,-3829,0,0,0,0
SN:,-6116,-3300,0,0,0,0
SN:,-6102,-3368,0,0,0,0
SN:,-6283,-4430,0,0,0,0
SN:,-6150,-3516,0,0,0,0
SN:,-6148,-3485,0,0,0,0
SN:,-5452,-5823,0,0,0,0
SN:,-6383,-387,0,0,0,0
SN:,-6399,-459,0,0,0,0
SN:,-6193,-2819,0,0,0,0
SN:,-6086,-2991,0,0,0,0
SN:,-6074,-3026,0,0,0,0
SN:,-6072,-3061,0,0,0,0
SN:,-3501,-575,0,0,0,0
SN:,-3334,-592,0,0,0,0
SN:,-3281,-707,0,0,0,0
SN:,-3229,-843,0,0,0,0
SN:,-3912,-170,0,0,0,0
SN:,-3897,-233,0,0,0,0
SN:,-3313,-969,0,0,0,0
SN:,-4887,264,0,0,0,0
SN:,-3238,-1287,0,0,0,0
SN:,-3899,-463,0,0,0,0
SN:,-3266,-1176,0,0,0,0
SN:,-3167,-1387,0,0,0,0
SN:,-4489,242,0,0.621499,1.99575,6214.99
SN:,-4275,134,0,0,0,0
SN:,-4345,122,0,0,0,0
SN:,-4020,101,0,0,0,0
SN:,-4411,131,0,0,0,0
SN:,-3117,-1463,0,0,0,0
SN:,-3761,-623,0,0,0,0
SN:,-3530,-564,0,0,0,0
SN:,-5966,279,0,0,0,0
SN:,-3931,-408,0,0,0,0
SN:,-3891,-361,0,0,0,0
SN:,-3258,-1242,0,0,0,0
SN:,-3899,-277,0,0,0,0
SN:,-4126,157,0,0,0,0
SN:,-4160,147,0,0,0,0
SN:,-4194,140,0,0,0,0
SN:,-4227,136,0,0,0,0
SN:,-3876,-550,0,0,0,0
SN:,-3829,-556,0,0,0,0
SN:,-4421,162,0,0,0,0
SN:,-4438,187,0,0,0,0
SN:,-4465,211,0,0,0,0
SN:,-4048,-40,0,0,0,0
SN:,-4028,-74,0,0,0,0
SN:,-4232,2212,0,0.0443525,0.532032,443.525
SN:,-4544,2192,0,0.108826,2.08878,1088.26
SN:,-7294,1465,0,0.140921,1.77166,1409.21
SN:,-7524,1377,0,0.0529787,0.964723,529.787
SN:,-3451,2585,0,0,0,0
SN:,-7288,1836,0,0.0674203,0.663123,674.203
SN:,-7277,1980,0,0.274533,2.32782,2745.33
SN:,-3524,1924,0,0.186296,0.960917,1862.96
SN:,-4082,2224,0,0.061359,0.62349,613.59
SN:,-6402,2104,0,0.775419,8.149,7754.19
SN:,-5586,2195,0,0.847047,16.258,8470.47
SN:,-3225,3292,0,0,0,0
SN:,-3282,3144,0,0,0,0
SN:,-3320,3057,0,0,0,0
SN:,-3389,2856,0,0,0,0
SN:,-3445,2617,0,0,0,0
SN:,-3189,3342,0,0,0,0
SN:,-3097,3524,0,0,0,0
SN:,-8779,623,0,0.204663,1.4353,2046.63
SN:,-9231,901,0,0,0,0
SN:,-8428,520,0,0.0884777,0.83523,884.777
SN:,-7490,3615,0,0,0,0
SN:,-7482,3132,0,0,0,0
SN:,-6047,-7134,0,0.207162,0.905293,2071.62
SN:,-6252,-6927,0,0.195147,0.969114,1951.47
SN:,-5970,-7161,0,0.195021,0.883752,1950.21
SN:,-5921,-7174,0,0.185869,0.862082,1858.69
SN:,-3229,-5467,0,0,0,0
SN:,-4408,-5485,0,0,0,0
SN:,-3887,-5473,0,0,0,0
SN:,-4258,-5490,0,0,0,0
SN:,-2898,-5574,0,0,0,0
SN:,-2942,-5569,0,0,0,0
SN:,-3619,-5443,0,0,0,0
SN:,-4653,-5502,0,0,0,0
SN:,-5033,-5660,0,0,0,0
SN:,-8945,-2951,0,0,0,0
SN:,-8406,1002,0,0.112804,1.957,1128.04
SN:,-8897,-660,0,0,0,0
SN:,-8256,1142,0,0.0488038,1.31465,488.038
SN:,-8633,722,0,0,0,0
SN:,-8901,-1447,0,0,0,0
SN:,-8954,-3214,0,0,0,0
SN:,-8884,-48,0,0,0,0
SN:,-8931,-2499,0,0,0,0
SN:,-8918,-1946,0,0,0,0
SN:,-9010,2518,0,0,0,0
SN:,-7624,-4194,0,0,0,0
SN:,-8265,-3966,0,0,0,0
SN:,-8221,-3937,0,0,0,0
SN:,-8324,-4018,0,0,0,0
SN:,-8368,-4015,0,0,0,0
SN:,-8452,-3998,0,0,0,0
SN:,-6377,2151,0,0.0558229,0.55557,558.229
SN:,-2394,-3558,0,0,0,0
SN:,-1932,-3564,0,0,0,0
SN:,-2747,-2616,0,0,0,0
SN:,-2913,-1888,0,0,0,0
SN:,-2854,-2086,0,0,0,0
SN:,-2618,-3550,0,0.488243,0.93742,4882.43
SN:,-2753,-2309,0,0,0,0
SN:,-2616,-3325,0,0.474355,0.951968,4743.55
SN:,-2637,-2749,0,0,0,0
SN:,-2677,-2878,0,0,0,0
SN:,-2763,-2956,0,0.442063,0.968436,4420.63
SN:,-2684,-3209,0,0.463704,0.956401,4637.04
SN:,-2611,-3490,0,0.485183,0.942476,4851.83
SN:,-2680,-3053,0,0.452643,0.964636,4526.43
SN:,-3345,-3067,0,0.391956,0.986744,3919.56
SN:,-2593,-4247,0,0.48197,0.868485,4819.7
SN:,-2381,-4412,0,0.469091,0.845596,4690.91
SN:,-2310,-4658,0,0.434445,0.821036,4344.45
SN:,-3024,-3675,0,0,0,0
SN:,-2953,-3661,0,0.442932,0.915146,4429.32
SN:,-2318,-4911,0,0.400471,0.794854,4004.71
SN:,-3276,-3400,0,0,0,0
SN:,-4691,-851,0,0,0,0
SN:,-3691,-2992,0,0.359874,0.994625,3598.74
SN:,-4834,-68,0,0,0,0
SN:,-4775,-450,0,0,0,0
SN:,-3263,-3466,0,0,0,0
SN:,-3230,-3611,0,0,0,0
SN:,-2674,-4137,0,0.47403,0.875735,4740.3
SN:,-3215,-3656,0,0,0,0
SN:,-2879,-3687,0,0.447122,0.909072,4471.22
SN:,-4568,-1957,0,1.2245,3.85607,12245
SN:,-4547,-2054,0,1.1822,3.84299,11822
SN:,-4549,-2795,0,0,0,0
SN:,-4462,-2773,0,0,0,0
SN:,-6407,-4512,0,0,0,0
SN:,-6965,1001,0,0,0,0
SN:,-7000,1117,0,0,0,0
SN:,-7049,1304,0,0,0,0
SN:,-7053,1350,0,0,0,0
SN:,-7027,1216,0,0,0,0
SN:,-7040,1264,0,0,0,0
SN:,-6950,959,0,0,0,0
SN:,-6860,756,0,0,0,0
SN:,-6907,862,0,0,0,0
SN:,-7057,1463,0,0,0,0
SN:,-7060,1559,0,0.128198,1.40627,1281.98
SN:,-6932,917,0,0,0,0
SN:,-5762,-6548,0,0,0,0
SN:,-5698,-6499,0,0,0,0
SN:,-5558,-6408,0,0,0,0
SN:,-6760,-4267,0,0,0,0
SN:,-6179,-6811,0,0,0,0
SN:,-5969,-6710,0,0,0,0
SN:,-5910,-6670,0,0,0,0
SN:,-5251,-6239,0,0,0,0
SN:,-6586,1386,0,0.0325999,1.64188,325.999
SN:,-6586,1333,0,0.02347,1.61247,234.7
SN:,-7525,1936,0,0.12188,1.37708,1218.8
SN:,-7525,1815,0,0.10028,1.31246,1002.8
SN:,-7835,-1747,0,0,0,0
SN:,-8119,-2255,0,0,0,0
SN:,-7478,-1052,0,0.132948,0.895163,1329.48
SN:,-8221,-881,0,0,0,0
SN:,-8144,-2405,0,0,0,0
SN:,-8604,562,0,0.0811231,0.653903,811.231
SN:,-7896,-1296,0,0,0,0
SN:,-6654,-434,0,0,0,0
SN:,-5716,819,0,0,0,0
SN:,-5639,820,0,0,0,0
SN:,-8422,770,0,0,0,0
SN:,-8423,721,0,0,0,0
SN:,-7521,670,0,0,0,0
SN:,-5668,326,0,0,0,0
SN:,-5593,337,0,0,0,0
SN:,-6488,1943,0,0.352685,4.58617,3526.85
SN:,-8429,359,0,0,0,0
SN:,-8430,261,0,0,0,0
SN:,-7232,546,0,0.115593,1.0154,1155.93
SN:,-6503,1894,0,0.324836,4.52559,3248.36
SN:,-6524,1822,0,0.286731,4.46084,2867.31
SN:,-5844,1249,0,0,0,0
SN:,-7525,1694,0,0,0,0
SN:,-6958,-171,0,0,0,0
SN:,-7615,-4164,0,0,0,0
SN:,-8163,-661,0,0.0377096,0.565136,377.096
SN:,-8119,-3963,0,0,0,0
SN:,-6559,1704,0,0.224458,4.31905,2244.58
SN:,-7520,606,0,0,0,0
SN:,-7524,1299,0,0,0,0
SN:,-7524,1239,0,0,0,0
SN:,-6460,1164,0,0,0,0
SN:,-8044,1177,0,0.0201922,1.29409,201.922
SN:,-8432,-668,0,0.0160799,0.403921,160.799
SN:,-5397,831,0,0,0,0
SN:,-5709,744,0,0,0,0
SN:,-5697,626,0,0,0,0
SN:,-6908,-170,0,0,0,0
SN:,-5753,1357,0,0,0,0
SN:,-6582,1038,0,0.021684,1.45025,216.84
SN:,-6581,901,0,0.0405405,1.41491,405.405
SN:,-8690,2232,0,0.0692555,0.540641,692.555
SN:,-7117,1141,0,0,0,0
SN:,-7918,1528,0,0.0241657,0.874278,241.657
SN:,-7522,863,0,0,0,0
SN:,-7896,-2578,0,0,0,0
SN:,-5716,1614,0,0,0,0
SN:,-8420,844,0,0,0,0
SN:,-8944,-3434,0,0,0,0
SN:,-7785,1631,0,0.0457543,1.02896,457.543
SN:,-7656,-636,0,0.0977624,0.769334,977.624
SN:,-8554,-670,0,0.00874596,0.317791,87.4596
SN:,-8431,171,0,0,0,0
SN:,-8642,-2512,0,0,0,0
SN:,-6356,1182,0,0,0,0
SN:,-6913,1618,0,0.117573,1.50921,1175.73
SN:,-8659,-654,0,0.00383619,0.228951,38.3619
SN:,-8174,1160,0,0.0345581,1.20295,345.581
SN:,-8100,-2136,0,0,0,0
SN:,-8085,-2044,0,0,0,0
SN:,-6580,826,0,0.0498428,1.37867,498.428
SN:,-6553,408,0,0,0,0
SN:,-7592,1186,0,0.0196075,0.406737,196.075
SN:,-7696,1184,0,0.014162,0.374607,141.62
SN:,-5431,757,0,0,0,0
SN:,-5413,695,0,0,0,0
SN:,-6585,1498,0,0.0527248,1.6975,527.248
SN:,-8432,66,0,0,0,0
SN:,-8433,-1,0,0,0,0
SN:,-5747,1159,0,0,0,0
SN:,-5741,1073,0,0,0,0
SN:,-8168,-2542,0,0,0,0
SN:,-7300,-361,0,0,0,0
SN:,-7999,-384,0,0,0,0
SN:,-6585,1551,0,0.0626733,1.72367,626.733
SN:,-7943,-1724,0,0,0,0
SN:,-6780,1113,0,0,0,0
SN:,-6859,1111,0,0,0,0
SN:,-8426,623,0,0,0,0
SN:,-7783,1183,0,0.00995426,0.34202,99.5426
SN:,-7525,1534,0,0,0,0
SN:,-7525,1453,0,0,0,0
SN:,-7438,1179,0,0.0318223,0.5,318.223
SN:,-8756,-655,0,0.000974615,0.138156,9.74615
SN:,-8711,-654,0,0.00212333,0.18375,21.2333
SN:,-7226,1160,0,0,0,0
SN:,-5665,1857,0,0,0,0
SN:,-5677,1800,0,0,0,0
SN:,-6782,1456,0,0,0,0
SN:,-7703,-528,0,0.0852045,0.739009,852.045
SN:,-7511,-441,0,0,0,0
SN:,-6116,-95,0,0,0,0
SN:,-6175,-106,0,0,0,0
SN:,-6581,-6225,0,0,0,0
SN:,-6785,1237,0,0,0,0
SN:,-8136,-2354,0,0,0,0
SN:,-6198,1207,0,0.0328205,0.753071,328.205
SN:,-6220,-4427,0,0,0,0
SN:,-6968,-327,0,0,0,0
SN:,-8262,-884,0,0,0,0
SN:,-7915,1180,0,0.00491365,0.309017,49.1365
SN:,-6496,-166,0,0,0,0
SN:,-6584,-167,0,0,0,0
SN:,-5686,1265,0,0,0,0
SN:,-8436,-45,0,0,0,0
SN:,-5450,825,0,0,0,0
SN:,-6767,976,0,0,0,0
SN:,-7928,-3072,0,0,0,0
SN:,-6952,1114,0,0,0,0
SN:,-7993,-202,0,0,0,0
SN:,-6279,-127,0,0,0,0
SN:,-5755,1314,0,0,0,0
SN:,-5752,1264,0,0,0,0
SN:,-6572,594,0,0,0,0
SN:,-8441,-122,0,0,0,0
SN:,-8446,-191,0,0,0,0
SN:,-6449,-4714,0,0.172973,1.52472,1729.73
SN:,-7888,-853,0,0,0,0
SN:,-7787,-808,0,0,0,0
SN:,-5549,1264,0,0,0,0
SN:,-5442,1265,0,0,0,0
SN:,-6457,2002,0,0.387958,4.64249,3879.58
SN:,-6577,656,0,0,0,0
SN:,-8374,-889,0,0,0,0
SN:,-8327,-888,0,0,0,0
SN:,-7453,1841,0,0,0,0
SN:,-6749,804,0,0,0,0
SN:,-6564,512,0,0,0,0
SN:,-7293,1413,0,0.0544717,0.642788,544.717
SN:,-7815,-4172,0,0,0,0
SN:,-7523,981,0,0,0,0
SN:,-7524,1187,0,0.0241137,0.438371,241.137
SN:,-7524,1112,0,0,0,0
SN:,-8490,-557,0,0,0,0
SN:,-8030,-1710,0,0,0,0
SN:,-8076,-1985,0,0,0,0
SN:,-5731,969,0,0,0,0
SN:,-6506,-488,0,0,0,0
SN:,-8504,-662,0,0.0117709,0.361242,117.709
SN:,-8495,-695,0,0,0,0
SN:,-8482,-748,0,0,0,0
SN:,-7480,1183,0,0.0278987,0.469472,278.987
SN:,-6584,1432,0,0.040853,1.67022,408.53
SN:,-7499,-1002,0,0.134487,0.873622,1344.87
SN:,-7709,1686,0,0.0594102,1.1033,594.102
SN:,-6783,1322,0,0,0,0
SN:,-7523,904,0,0,0,0
SN:,-8273,-667,0,0.0293276,0.526432,293.276
SN:,-8425,670,0,0,0,0
SN:,-6776,1064,0,0,0,0
SN:,-8475,-447,0,0,0,0
SN:,-6524,1153,0,0,0,0
SN:,-6584,1143,0,0.00660671,1.48465,66.0671
SN:,-5690,554,0,0,0,0
SN:,-5685,507,0,0,0,0
SN:,-6343,-589,0,0,0,0
SN:,-8452,-271,0,0,0,0
SN:,-8464,-363,0,0,0,0
SN:,-5413,619,0,0,0,0
SN:,-7235,-349,0,0,0,0
SN:,-5140,-6084,0,0,0,0
SN:,-6780,1553,0,0,0,0
SN:,-6781,1502,0,0,0,0
SN:,-5578,238,0,0,0,0
SN:,-6780,1612,0,0.1006,1.55753,1006
SN:,-5207,1251,0,0,0,0
SN:,-5648,1931,0,0,0,0
SN:,-7382,1851,0,0,0,0
SN:,-6786,1270,0,0,0,0
SN:,-7525,1982,0,0.133973,1.43893,1339.73
SN:,-6782,1366,0,0,0,0
SN:,-5327,1260,0,0,0,0
SN:,-5255,1260,0,0,0,0
SN:,-6395,-5404,0,0.179889,1.41044,1798.89
SN:,-7522,728,0,0,0,0
SN:,-6758,890,0,0,0,0
SN:,-5736,1517,0,0,0,0
SN:,-7361,1172,0,0.0378237,0.529919,378.237
SN:,-6584,1232,0,0.0069,1.55056,69
SN:,-6585,1586,0,0.0697052,1.74874,697.052
SN:,-8445,-893,0,0,0,0
SN:,-7117,-173,0,0,0,0
SN:,-8404,-889,0,0,0,0
SN:,-7522,785,0,0,0,0
SN:,-7357,-372,0,0,0,0
SN:,-8429,432,0,0,0,0
SN:,-4796,1205,0,0,0,0
SN:,-6772,1022,0,0,0,0
SN:,-7652,-4070,0,0,0,0
SN:,-5640,1265,0,0,0,0
SN:,-6584,1295,0,0.0170068,1.58203,170.068
SN:,-7592,1772,0,0.0852274,1.24519,852.274
SN:,-6373,1505,0,0.0545385,0.795625,545.385
SN:,-7700,-769,0,0,0,0
SN:,-7616,-731,0,0.109633,0.798017,1096.33
SN:,-4656,1308,0,0,0,0
SN:,-7443,541,0,0.118,0.92677,1180
SN:,-7525,1731,0,0,0,0
SN:,-6707,-409,0,0,0,0
SN:,-6579,1631,0,0.188353,4.24217,1883.53
SN:,-7657,-4199,0,0,0,0
SN:,-7160,1150,0,0,0,0
SN:,-5423,541,0,0,0,0
SN:,-8418,909,0,0,0,0
SN:,-7987,-4040,0,0,0,0
SN:,-5283,-6007,0,0,0,0
SN:,-5639,-6179,0,0,0,0
SN:,-6142,1212,0,0,0,0
SN:,-7797,-571,0,0.0742171,0.707107,742.171
SN:,-8402,-668,0,0.0190819,0.445738,190.819
SN:,-5585,282,0,0,0,0
SN:,-6540,1767,0,0.257147,4.39197,2571.47
SN:,-6908,-334,0,0,0,0
SN:,-7574,-830,0,0.122212,0.824997,1222.12
SN:,-5221,1204,0,0,0,0
SN:,-5611,2091,0,0,0,0
SN:,-5214,-6056,0,0,0,0
SN:,-7347,-2715,0,0,0,0
SN:,-6550,-473,0,0,0,0
SN:,-7637,-4101,0,0,0,0
SN:,-5791,-7198,0,0.165563,0.81837,1655.63
SN:,-7986,-533,0,0,0,0
SN:,-7068,1127,0,0,0,0
SN:,-7970,780,0,0.119938,2.437,1199.38
SN:,-8808,-41,0,0,0,0
SN:,-5837,-6203,0,0,0,0
SN:,-5115,1191,0,0,0,0
SN:,-6645,1132,0,0,0,0
SN:,-8432,104,0,0,0,0
SN:,-6349,-6200,0,0.15167,1.19166,1516.7
SN:,-6600,-455,0,0,0,0
SN:,-5687,1760,0,0,0,0
SN:,-7980,-649,0,0.054344,0.638847,543.44
SN:,-8362,-668,0,0.0227778,0.486604,227.778
SN:,-8943,-3472,0,0,0,0
SN:,-8940,-3517,0,0,0,0
SN:,-7543,-902,0,0.132612,0.850217,1326.12
SN:,-4976,1171,0,0,0,0
SN:,-6347,-6237,0,0.153542,1.17224,1535.42
SN:,-6447,-160,0,0,0,0
SN:,-4840,1173,0,0,0,0
SN:,-6811,-362,0,0,0,0
SN:,-6316,-6671,0,0.183619,1.05222,1836.19
SN:,-8160,-2498,0,0,0,0
SN:,-7021,-325,0,0,0,0
SN:,-2807,-3553,0,0.465495,0.92669,4654.95
SN:,-7825,1598,0,0.0374177,0.952571,374.177
SN:,-7524,1415,0,0,0,0
SN:,-4298,1391,0,0,0,0
SN:,-5699,1684,0,0,0,0
SN:,-6259,-6239,0,0,0,0
SN:,-7526,1592,0,0,0,0
SN:,-6557,452,0,0,0,0
SN:,-8068,-1940,0,0,0,0
SN:,-6247,1201,0,0,0,0
SN:,-4708,1274,0,0,0,0
SN:,-7641,1745,0,0.0738761,1.17543,738.761
SN:,-8590,-656,0,0.00647444,0.273663,64.7444
SN:,-8793,-3768,0,0,0,0
SN:,-7905,-3348,0,0,0,0
SN:,-6328,-6503,0,0.172305,1.09287,1723.05
SN:,-8865,-3708,0,0,0,0
SN:,-8743,-3811,0,0,0,0
SN:,-4359,1375,0,0,0,0
SN:,-4433,1374,0,0,0,0
SN:,-7942,-3214,0,0,0,0
SN:,-6740,204,0,0,0,0
SN:,-5386,-6116,0,0,0,0
SN:,-5743,1486,0,0,0,0
SN:,-5748,1450,0,0,0,0
SN:,-5176,-6148,0,0,0,0
SN:,-4877,1160,0,0,0,0
SN:,-5790,-6197,0,0,0,0
SN:,-5063,-2601,0,0.603942,2.81623,6039.42
SN:,-5912,-6213,0,0,0,0
SN:,-6400,-5323,0,0.193637,1.4274,1936.37
SN:,-8923,-3652,0,0,0,0
SN:,-8906,-3677,0,0,0,0
SN:,-2905,-3611,0,0.452158,0.921019,4521.58
SN:,-6185,-6489,0,0,0,0
SN:,-5467,-6151,0,0,0,0
SN:,-7739,-2605,0,0,0,0
SN:,-8713,-3842,0,0,0,0
SN:,-8690,-3876,0,0,0,0
SN:,-8664,-3915,0,0,0,0
SN:,-8631,-3935,0,0,0,0
SN:,-8596,-3975,0,0,0,0
SN:,-7913,-4093,0,0,0,0
SN:,-7703,-4188,0,0,0,0
SN:,-7689,-3878,0,0,0,0
SN:,-8259,-3931,0,0,0,0
SN:,-4182,1422,0,0,0,0
SN:,-6308,-6717,0,0.184849,1.03167,1848.49
SN:,-6458,-4573,0,0.152966,1.54018,1529.66
SN:,-4752,-7336,0,0.0520148,0.547013,520.148
SN:,-5611,-7309,0,0.136218,0.751918,1362.18
SN:,-5686,-7263,0,0.151271,0.796334,1512.71
SN:,-3095,3284,0,0,0,0
SN:,-6558,-4353,0,0,0,0
SN:,-7315,-4047,0,0,0,0
SN:,-7738,-3758,0,0,0,0
SN:,-7824,-3461,0,0,0,0
SN:,-7935,-3303,0,0,0,0
SN:,-7928,-3026,0,0,0,0
SN:,-7945,-2901,0,0,0,0
SN:,-7819,-1880,0,0,0,0
SN:,-7869,-1534,0,0,0,0
SN:,-7946,-1036,0,0.120997,0.995734,1209.97
SN:,-3569,1754,0,1.00025,4.73026,10002.5
SN:,-4477,545,0,1.66079,5.67158,16607.9
SN:,-7965,-867,0,0.104509,1,1045.09
SN:,-4492,-913,0,0.471762,1.95843,4717.62
SN:,-5820,-6438,0,0,0,0
SN:,-5424,-6314,0,0,0,0
SN:,-4548,-6884,0,0.250064,1.44587,2500.64
SN:,-7979,1447,0,0.0138999,0.794248,138.999
SN:,-4485,325,0,1.20629,3.97984,12062.9
SN:,-7179,-4114,0,0,0,0
SN:,-7236,-4329,0,0,0,0
SN:,-7309,-4516,0,0,0,0
SN:,-7331,-4627,0,0,0,0
SN:,-7296,-4892,0,0,0,0
SN:,-6969,-5599,0,0,0,0
SN:,-6816,-5859,0,0,0,0
SN:,-6791,-6026,0,0,0,0
SN:,-6381,-5804,0,0.117323,1.34057,1173.23
SN:,-6608,-5813,0,0,0,0
SN:,-6705,-5353,0,0,0,0
SN:,-6776,-4598,0,0,0,0
SN:,-6791,-6213,0,0,0,0
SN:,-6796,-6371,0,0,0,0
SN:,-6684,-6977,0,0,0,0
SN:,-6679,-7105,0,0,0,0
SN:,-6783,-7171,0,0,0,0
SN:,-7012,-7317,0,0,0,0
SN:,-7021,-7630,0,0,0,0
SN:,-7029,-7838,0,0,0,0
SN:,-7029,-7962,0,0,0,0
SN:,-6908,-7838,0,0,0,0
SN:,-6754,-7801,0,0,0,0
SN:,-6347,-7666,0,0,0,0
SN:,-5839,-7550,0,0,0,0
SN:,-5731,-7574,0,0,0,0
SN:,-5525,-7508,0,0,0,0
SN:,-6177,-7236,0,0,0,0
SN:,-6652,-6995,0,0,0,0
SN:,-6345,-6300,0,0.158241,1.15264,1582.41
SN:,-6235,-6298,0,0,0,0
SN:,-6222,-6708,0,0,0,0
SN:,-6353,-6098,0,0.143989,1.22998,1439.89
SN:,-6277,-6095,0,0,0,0
SN:,-5436,-5934,0,0,0,0
SN:,-5929,-7324,0,0,0,0
SN:,-5611,-7384,0,0,0,0
SN:,-3862,-7875,0,0,0,0
SN:,-2376,-7370,0,0,0,0
SN:,-9241,-3439,0,0,0,0
SN:,-9241,-3592,0,0,0,0
SN:,-9707,-3632,0,0,0,0
SN:,-9866,-3647,0,0,0,0
SN:,-9831,-3528,0,0,0,0
SN:,-9945,-3444,0,0,0,0
SN:,-10020,-3553,0,0,0,0
SN:,-10144,-3627,0,0,0,0
SN:,-10129,-3771,0,0,0,0
SN:,-9970,-3865,0,0,0,0
SN:,-9846,-3950,0,0,0,0
SN:,-9896,-4039,0,0,0,0
SN:,-9792,-4123,0,0,0,0
SN:,-9816,-4287,0,0,0,0
SN:,-9896,-4366,0,0,0,0
SN:,-9826,-4460,0,0,0,0
SN:,-9722,-4391,0,0,0,0
SN:,-9682,-4203,0,0,0,0
SN:,-9474,-4232,0,0,0,0
SN:,-9499,-4346,0,0,0,0
SN:,-9439,-4421,0,0,0,0
SN:,-9241,-4366,0,0,0,0
SN:,-9231,-4262,0,0,0,0
SN:,-9057,-4212,0,0,0,0
SN:,-8988,-4088,0,0,0,0
SN:,-8755,-4044,0,0,0,0
SN:,-9152,-3890,0,0,0,0
SN:,-1461,-7910,0,0.151949,3.73265,1519.49
SN:,-1361,-7710,0,0.0705278,3.84403,705.278
SN:,-1016,-7585,0,0.0739222,4.02904,739.222
SN:,-536,-7490,0,0.281309,4.18126,2813.09
SN:,-381,-7470,0,0.190212,2.29428,1902.12
SN:,-156,-7410,0,0.237425,2.23579,2374.25
SN:,-20,-7361,0,0.26609,2.20549,2660.9
SN:,136,-7318,0,0.293204,2.14282,2932.04
SN:,386,-7274,0,0.331524,2.04373,3315.24
SN:,636,-7274,0,0.362954,1.9387,3629.54
SN:,773,-7285,0,0.382305,1.9024,3823.05
SN:,1063,-7180,0,0.649057,2.80005,6490.57
SN:,1478,-7070,0,0,0,0
SN:,898,-7100,0,0.440757,1.76205,4407.57
SN:,728,-7105,0,0.467344,1.74939,4673.44
SN:,468,-7122,0,0.506051,1.72595,5060.51
SN:,348,-6916,0,0.487053,1.7074,4870.53
SN:,93,-6835,0,0.433072,1.6753,4330.72
SN:,-123,-6943,0,0.386946,1.65111,3869.46
SN:,-246,-6710,0,0.335054,1.61077,3350.54
SN:,-391,-6540,0,0.293582,1.58125,2935.82
SN:,-521,-6695,0,0.196476,1.18764,1964.76
SN:,-711,-6825,0,0.160448,1.12664,1604.48
SN:,-616,-6945,0,0.13525,1.06406,1352.5
SN:,-626,-7125,0,0.217999,1.99853,2179.99
SN:,-546,-7185,0,0.194352,1.96158,1943.52
SN:,-586,-7325,0,0.162392,1.92136,1623.92
SN:,-541,-6297,0,0.0805102,0.375828,805.102
SN:,-313,-6025,0,0.107393,0.430065,1073.93
SN:,-481,-5840,0,0.125437,0.456629,1254.37
SN:,-731,-5895,0,0.148864,0.495716,1488.64
SN:,-981,-5667,0,0.17837,0.533823,1783.7
SN:,-1352,-5676,0,0.216429,0.582979,2164.29
SN:,-1581,-5800,0,0.245728,0.618512,2457.28
SN:,-4241,-6080,0,0.498593,1.89294,4985.93
SN:,-4353,-5806,0,0.5965,2.03581,5965
SN:,-4311,-5900,0,0.562183,1.98856,5621.83
SN:,-4236,-5609,0,0.672626,2.12912,6726.26
SN:,-886,-7910,0,0,0,0
SN:,-4113,-9044,0,0,0,0
SN:,-3343,-8702,0,0.406936,1.9788,4069.36
SN:,-2225,-7371,0,0.568082,2.99052,5680.82
SN:,-2130,-6640,0,0.857793,3.25321,8577.93
SN:,-1996,-3758,0,2.3036,4.17177,23036
SN:,-2471,-8086,0,0.607677,1.94512,6076.77
SN:,-3985,1167,0,1.50696,4.84871,15069.6
SN:,-3941,1735,0,1.22541,4.82774,12254.1
SN:,-3869,2524,0,0,0,0
SN:,-3780,2896,0,0,0,0
SN:,-3591,3401,0,0,0,0
SN:,-3297,3824,0,0,0,0
SN:,-3002,4196,0,0,0,0
SN:,-2541,4685,0,0,0,0
SN:,-2897,3562,0,0,0,0
SN:,-2441,3512,0,0,0,0
SN:,-1758,3440,0,0,0,0
SN:,-1241,3418,0,0,0,0
SN:,-752,3390,0,0,0,0
SN:,-286,3429,0,0,0,0
SN:,313,3562,0,0,0,0
SN:,641,3762,0,0,0,0
SN:,980,4190,0,0,0,0
SN:,1185,4324,0,0,0,0
SN:,1413,4412,0,0,0,0
SN:,1997,4412,0,0.835403,0.992709,8354.03
SN:,2374,4435,0,1.5235,1.73262,15235
SN:,2541,4440,0,1.27133,1.41887,12713.3
SN:,2769,4418,0,0.923852,1.00536,9238.52
SN:,3152,4318,0,0,0,0
SN:,2713,4218,0,0,0,0
SN:,2691,4018,0,0,0,0
SN:,2602,3879,0,0,0,0
SN:,2563,3735,0,0,0,0
SN:,2302,3662,0,0,0,0
SN:,1985,3612,0,0,0,0
SN:,1841,3585,0,0,0,0
SN:,1847,3690,0,0,0,0
SN:,-3459,1859,0,0,0,0
SN:,-4016,1776,0,0.23256,0.948145,2325.6
SN:,-6077,-7210,0,0,0,0
SN:,-6177,-7118,0,0,0,0
SN:,-5656,-6058,0,0,0,0
SN:,-5610,-6053,0,0,0,0
SN:,-5385,-5950,0,0,0,0
SN:,-6619,-7132,0,0,0,0
SN:,-6133,-7178,0,0,0,0
SN:,-6415,-7356,0,0,0,0
SN:,-6457,-7394,0,0,0,0
SN:,-6433,-7462,0,0,0,0
SN:,-6181,-6729,0,0,0,0
SN:,-6307,-6790,0,0.18852,1.01096,1885.2
SN:,-6416,-6798,0,0,0,0
SN:,-6335,-6448,0,0.169302,1.11296,1693.02
SN:,-6340,-6375,0,0.164043,1.13288,1640.43
SN:,-6276,-6368,0,0,0,0
SN:,-6272,-6437,0,0,0,0
SN:,-6189,-6429,0,0,0,0
SN:,-6180,-6540,0,0,0,0
SN:,-6352,-6154,0,0.148538,1.21091,1485.38
SN:,-6474,-6151,0,0,0,0
SN:,-6265,-6191,0,0,0,0
SN:,-6234,-6188,0,0,0,0
SN:,-5922,-6169,0,0,0,0
SN:,-5754,-6148,0,0,0,0
SN:,-5658,-6127,0,0,0,0
SN:,-6271,-6146,0,0,0,0
SN:,-6358,-6050,0,0.140174,1.24888,1401.74
SN:,-6285,-6049,0,0,0,0
SN:,-6362,-6007,0,0.1368,1.26759,1368
SN:,-6410,-6013,0,0,0,0
SN:,-6177,-5902,0,0,0,0
SN:,-6027,-5953,0,0,0,0
SN:,-6026,-6009,0,0,0,0
SN:,-6075,-6010,0,0,0,0
SN:,-6376,-5860,0,0.123187,1.32261,1231.87
SN:,-6373,-5904,0,0.127249,1.30446,1272.49
SN:,-6324,-5856,0,0,0,0
SN:,-6322,-5902,0,0,0,0
SN:,-5460,-6032,0,0,0,0
SN:,-5561,-6083,0,0,0,0
SN:,-5517,-6075,0,0,0,0
SN:,-5131,-5731,0,0,0,0
SN:,-5056,-5621,0,0,0,0
SN:,-4010,-5601,0,0,0,0
SN:,-6489,-5811,0,0,0,0
SN:,-7655,-4234,0,0,0,0
SN:,-7675,-4281,0,0,0,0
SN:,-7741,-4522,0,0,0,0
SN:,-7582,-4786,0,0,0,0
SN:,-7025,-4175,0,0,0,0
SN:,-7045,-4235,0,0,0,0
SN:,-8099,36,0,0,0,0
SN:,-8115,149,0,0,0,0
SN:,-8184,522,0,0.091029,1.01248,910.29
SN:,-8186,350,0,0,0,0
SN:,-9957,-4156,0,0,0,0
SN:,-8903,-4209,0,0,0,0
SN:,-9178,-4453,0,0,0,0
SN:,-10207,-3587,0,0,0,0
SN:,-10341,-3549,0,0,0,0
SN:,-10457,-3590,0,0,0,0
SN:,-10604,-3615,0,0,0,0
SN:,-6389,-4450,0,0,0,0
SN:,-6110,-993,0,0,0,0
SN:,-6113,-869,0,0,0,0
SN:,-6168,-784,0,0,0,0
SN:,-6133,-692,0,0,0,0
SN:,-6051,-678,0,0,0,0
SN:,-5992,-704,0,0,0,0
SN:,-5951,-613,0,0,0,0
SN:,-6039,-601,0,0,0,0
SN:,-6012,-507,0,0,0,0
SN:,-6042,-757,0,0,0,0
SN:,-5974,-410,0,0,0,0
SN:,-4108,508,0,0,0,0
SN:,-4770,284,0,0,0,0
SN:,-4779,387,0,0,0,0
SN:,-7900,543,0,0.060968,0.695258,609.68
SN:,-7894,643,0,0,0,0
SN:,-7835,779,0,0,0,0
SN:,-8647,-2644,0,0,0,0
SN:,-8050,-3054,0,0,0,0
SN:,-8297,-2974,0,0,0,0
SN:,-8380,-3127,0,0,0,0
SN:,-8488,-3086,0,0,0,0
SN:,-8418,-1004,0,0,0,0
SN:,-8671,-1016,0,0,0,0
SN:,-6087,2333,0,0,0,0
SN:,-6771,-1214,0,0,0,0
SN:,-6738,-1063,0,0,0,0
SN:,-4768,-7536,0,0,0,0
SN:,-5268,295,0,0,0,0
SN:,-5254,216,0,0,0,0
SN:,-5225,-6266,0,0,0,0
SN:,-5083,-6209,0,0,0,0
SN:,-8551,1099,0,0,0,0
SN:,-2633,-2031,0,0,0,0
SN:,-7797,-4622,0,0,0,0
SN:,-7028,-5625,0,0,0,0
SN:,-6487,-5844,0,0,0,0
SN:,-6249,-6987,0,0,0,0
SN:,-6283,-6996,0,0,0,0
SN:,-1721,3628,0,0,0,0
SN:,-4314,-1948,0,0,0,0
SN:,-4423,-1338,0,0,0,0
SN:,-4358,-1806,0,0,0,0
SN:,-4512,7,0,0.663474,1.99186,6634.74
SN:,-4529,-226,0,0.615334,1.98667,6153.34
SN:,-4519,-634,0,0.530429,1.97245,5304.29
SN:,-4272,-2267,0,0,0,0
SN:,-4249,-2540,0,0,0,0
SN:,-4206,-2846,0,0.308154,0.999561,3081.54
SN:,-4456,-1098,0,0,0,0
SN:,-4262,-1059,0,0,0,0
SN:,-2255,-7373,0,0,0,0
SN:,-2196,-7383,0,0.19361,1.03633,1936.1
SN:,-4224,-7828,0,0,0,0
SN:,-4648,-7225,0,0,0,0
SN:,-5593,-6344,0,0,0,0
SN:,-8167,-3404,0,0,0,0
SN:,-5262,-1257,0,0,0,0
SN:,-8290,-1947,0,0,0,0
SN:,-8592,-1454,0,0,0,0
SN:,-6836,-629,0,0,0,0
SN:,-6973,703,0,0,0,0
SN:,-6635,1947,0,0,0,0
SN:,-6670,1369,0,0,0,0
SN:,-5325,1396,0,0,0,0
SN:,-6584,-99,0,0,0,0
SN:,-6028,-3330,0,0,0,0
SN:,-4476,651,0,0,0,0
SN:,-5230,120,0,0,0,0
SN:,-8562,-264,0,0,0,0
SN:,-8531,268,0,0,0,0
SN:,-7066,1671,0,0,0,0
SN:,-8095,790,0,0,0,0
SN:,-8121,430,0,0,0,0
SN:,-3695,-8324,0,0,0,0
SN:,-5076,-1161,0,0,0,0
SN:,-3305,-1589,0,0,0,0
SN:,-8627,487,0,0,0,0
SN:,-4406,-6109,0,0,0,0
SN:,-8282,14,0,0,0,0
SN:,-8285,102,0,0,0,0
SN:,-6912,76,0,0,0,0
SN:,-5177,-2497,0,0,0,0
SN:,-4044,1525,0,0,0,0
SN:,-6276,-6953,0,0,0,0
SN:,-5944,-7198,0,0,0,0
SN:,-4444,-7464,0,0,0,0
SN:,-4007,-7666,0,0,0,0
SN:,-7457,-870,0,0,0,0
SN:,-2850,-1651,0,0,0,0
SN:,-8071,-214,0,0,0,0
SN:,-2958,-7404,0,0,0,0
SN:,-3067,-7550,0,0,0,0
SN:,-6192,-3405,0,0,0,0
SN:,-6624,-1541,0,0,0,0
SN:,-6448,-2247,0,0,0,0
SN:,-6922,246,0,0,0,0
SN:,-6809,274,0,0,0,0
SN:,-4003,1357,0,0,0,0
SN:,-3626,-5320,0,0,0,0
SN:,-1986,-5566,0,0,0,0
SN:,-7652,-3959,0,0,0,0
SN:,-7725,-471,0,0,0,0
SN:,-4694,-429,0,0,0,0
SN:,-7081,633,0,0,0,0
SN:,-3911,-5151,0,0,0,0
SN:,-3541,3522,0,0,0,0
SN:,-3484,3484,0,0,0,0
SN:,-3435,3610,0,0,0,0
SN:,-3421,3579,0,0,0,0
SN:,-3471,3611,0,0,0,0
SN:,-3928,1877,0,0,0,0
SN:,-4024,1844,0,0,0,0
SN:,-3851,1765,0,4.45438,3.87407,44543.8
SN:,-3621,1817,0,3.39109,2.89004,33910.9
SN:,-3849,1832,0,0.20934,0.919505,2093.4
SN:,-3613,1894,0,0.181032,0.890624,1810.32
SN:,-3480,1782,0,0.307453,0.861509,3074.53
SN:,-3646,-8779,0,0.346201,1.98527,3462.01
SN:,-3807,-8779,0,0,0,0
SN:,-4004,-8774,0,0.260479,1.99207,2604.79
SN:,-3960,-8692,0,2.89327,1.99057,28932.7
SN:,-3956,-8849,0,0,0,0
SN:,-3701,-8853,0,0,0,0
SN:,-3765,-8723,0,0,0,0
SN:,-3713,-8692,0,2.83924,1.98716,28392.4
SN:,-3768,-8838,0,0,0,0
SN:,-4398,-8920,0,0,0,0
SN:,-2270,-6274,0,0,0,0
SN:,-2223,-6387,0,0,0,0
SN:,-2223,-6482,0,0,0,0
SN:,-2378,-6577,0,0,0,0
SN:,-2546,-6663,0,0,0,0
SN:,-2624,-6750,0,0,0,0
SN:,-2750,-6706,0,0,0,0
SN:,-2827,-6788,0,0,0,0
SN:,-2767,-6853,0,0,0,0
SN:,-2724,-7022,0,0,0,0
SN:,-2840,-7147,0,0,0,0
SN:,-4967,-7425,0,0,0,0
SN:,-6009,-3120,0,0,0,0
SN:,-2616,-3673,0,0,0,0
SN:,-3688,-3102,0,0,0,0
SN:,-8066,-1261,0,0,0,0
SN:,-6569,-4210,0,0,0,0
SN:,-8978,-57,0,0,0,0
SN:,-4139,-5179,0,0,0,0
SN:,-7436,-1144,0,0,0,0
SN:,-9400,-3442,0,0,0,0
SN:,-3223,-5350,0,0,0,0
SN:,-8087,-44,0,0,0,0
SN:,-7987,-3357,0,0,0,0
SN:,-7991,-3431,0,0,0,0
SN:,-7070,-3001,0,0,0,0
SN:,-8385,-1117,0,0,0,0
SN:,-4349,-7670,0,0,0,0
SN:,-4259,-7669,0,0,0,0
SN:,-3574,-8050,0,0,0,0
SN:,-1852,-6025,0,0,0,0
SN:,-4363,-7457,0,0,0,0
SN:,-6284,-1436,0,0,0,0
SN:,-6198,-1580,0,0,0,0
SN:,-6114,-1524,0,0,0,0
SN:,-6172,-1436,0,0,0,0
SN:,-6156,-1666,0,0,0,0
SN:,-6135,-1857,0,0,0,0
SN:,-6210,-1932,0,0,0,0
SN:,-6184,-2235,0,0,0,0
SN:,-6224,-2445,0,0,0,0
SN:,-6224,-2549,0,0,0,0
SN:,-5878,811,0,0,0,0
SN:,-8552,560,0,0,0,0
SN:,-8682,606,0,0,0,0
SN:,-8527,538,0,0.0864184,0.745022,864.184
SN:,-8564,532,0,0,0,0
SN:,-8607,543,0,0,0,0
SN:,-3470,2169,0,0.145589,0.875223,1455.89
SN:,-3458,2297,0,0,0,0
SN:,-3474,2357,0,0,0,0
SN:,-8741,625,0,0,0,0
SN:,-8751,593,0,0,0,0
SN:,-8716,543,0,0,0,0
SN:,-8683,544,0,0,0,0
SN:,-8729,454,0,0,0,0
SN:,-8718,490,0,0,0,0
SN:,-8730,493,0,0,0,0
SN:,-8706,487,0,0,0,0
SN:,-8675,742,0,0,0,0
SN:,-8705,527,0,0,0,0
SN:,-7267,1858,0,0.0829109,0.692724,829.109
SN:,-5547,2383,0,0,0,0
SN:,-4537,2417,0,0,0,0
SN:,-7692,981,0,0,0,0
SN:,-4540,-6015,0,0,0,0
SN:,-4428,-6046,0,0,0,0
SN:,-4655,3673,0,0,0,0
SN:,-4710,3655,0,0,0,0
SN:,-5126,3674,0,0,0,0
SN:,-5630,3655,0,0,0,0
SN:,-6007,3513,0,0,0,0
SN:,-6206,3196,0,0,0,0
SN:,-6459,3001,0,0,0,0
SN:,-6568,2970,0,0,0,0
SN:,-6611,2948,0,0,0,0
SN:,-6654,2905,0,0,0,0
SN:,-7316,2715,0,0,0,0
SN:,-7501,2712,0,0,0,0
SN:,-7679,2647,0,0,0,0
SN:,-7888,2598,0,0,0,0
SN:,-8070,2515,0,0,0,0
SN:,-8360,2276,0,0,0,0
SN:,-7476,2827,0,0,0,0
SN:,-7442,2717,0,0,0,0
SN:,-6965,2767,0,0,0,0
SN:,-4545,3656,0,0,0,0
SN:,-3722,3604,0,0,0,0
SN:,-7977,1600,0,0,0,0
SN:,-8534,2104,0,0.0815602,0.75575,815.602
SN:,-8591,2014,0,0,0,0
SN:,-5924,3588,0,0,0,0
SN:,-6537,3120,0,0,0,0
SN:,-6617,3022,0,0,0,0
SN:,-6751,2845,0,0,0,0
SN:,-6267,3123,0,0,0,0
SN:,-4366,3655,0,0,0,0
SN:,-3529,3819,0,0,0,0
SN:,-4597,3950,0,0,0,0
SN:,-5453,3674,0,0,0,0
SN:,-7299,1993,0,0,0,0
SN:,-7465,2676,0,0,0,0
SN:,-7492,2792,0,0,0,0
SN:,-7451,2794,0,0,0,0
SN:,-7307,1858,0,0,0,0
SN:,-7315,1976,0,0.177313,1.55382,1773.13
SN:,-3162,3337,0,0,0,0
SN:,-3082,3490,0,0,0,0
SN:,-3128,3514,0,0,0,0
SN:,-2917,3212,0,0,0,0
SN:,-3455,2330,0,0,0,0
SN:,-3499,2332,0,0,0,0
SN:,-3476,2136,0,0,0,0
SN:,-3515,2141,0,0.154646,0.900969,1546.46
SN:,-3464,2230,0,0.135658,0.846724,1356.58
SN:,-5059,-1803,0,0,0,0
SN:,-4782,-1770,0,0,0,0
SN:,-4664,-1773,0,0,0,0
SN:,-7980.5,1272,0,0,1.82267,0
SN:,-7930.5,1271.73,0,0,0,0
SN:,-7905.5,1271.6,0,0,0,0
SN:,-6584,1187.5,0,0,1.5181,0
SN:,-6534,1187.5,0,0,0,0
SN:,-6509,1187.5,0,0,0,0
SN:,-5065,2193.5,0,0,4.969,0
SN:,-5064.86,2243.5,0,0,0.0560704,0
SN:,-5064.78,2268.5,0,0,0,0
SN:,-8826.5,-657.5,0,0,0.0922684,0
SN:,-8828.27,-607.531,0,0,0.0461835,0
SN:,-8829.16,-582.547,0,0,0,0
SN:,-8899,-1053.5,0,0,0,0
SN:,-8949,-1053.25,0,0,0,0
SN:,-8974,-1053.12,0,0,0,0
SN:,-9236,-4314,0,0,0,0
SN:,-9186.23,-4318.79,0,0,0,0
SN:,-9161.34,-4321.18,0,0,0,0
SN:,-7247,-4080.5,0,0,0,0
SN:,-7224.9,-4035.65,0,0,0,0
SN:,-7213.86,-4013.22,0,0,0,0
SN:,-6793.5,-6292,0,0,0,0
SN:,-6743.53,-6293.58,0,0,0,0
SN:,-6718.54,-6294.37,0,0,0,0
SN:,-1188.5,-7647.5,0,0,3.94313,0
SN:,-1171.47,-7694.51,0,0,0,0
SN:,-1162.95,-7718.01,0,0,0,0
SN:,-4374,-7943.5,0,0,0.264223,0
SN:,-4373.36,-7893.5,0,0,0,0
SN:,-4373.04,-7868.51,0,0,0,0
SN:,-6548,-2009.5,0,0,2.44542,0
SN:,-6498.08,-2012.38,0,0,0.309017,0
SN:,-6473.12,-2013.82,0,0,0,0
SN:,-6524.5,-1650.5,0,0,2.91543,0
SN:,-6474.67,-1654.56,0,0,0.0161936,0
SN:,-6449.75,-1656.6,0,0,0,0
SN:,-3611.67,1543.33,0,1.33686,5.72744,13368.6
SN:,-3590.33,1648.67,0,1.05225,4.73059,10522.5
SN:,-3728.57,1273.14,0,1.04094,3.95983,10409.4
SN:,-3778.14,1186.29,0,1.10103,4.03316,11010.3
SN:,-3827.71,1099.43,0,1.16221,4.10509,11622.1
SN:,-3877.29,1012.57,0,1.22436,4.17537,12243.6
SN:,-3926.86,925.714,0,1.28735,4.24375,12873.5
SN:,-3976.43,838.857,0,1.35107,4.31,13510.7
SN:,-3572,1362.33,0,0,0,0
SN:,-3465,1364.67,0,0,0,0
SN:,-4108,693.667,0,1.8186,5.43519,18186
SN:,-4190,635.333,0,2.1045,6.49364,21045
SN:,-4374.5,561,0,1.71259,5.6265,17125.9
SN:,-3889.5,-7995,0,0.0587296,1.16027,587.296
SN:,-3929,-7776,0,0.0905095,1.49204,905.095
SN:,-3925.5,-7570.5,0,0.048545,0.600622,485.45
SN:,-7938.33,-28,0,0,0,0
SN:,-7965.67,-115,0,0,0,0
SN:,-8005,47.5,0,0,0,0
SN:,-7888.8,1367.4,0,0.0126205,0.671273,126.205
SN:,-7797.6,1369.8,0,0.0211291,0.746571,211.291
SN:,-7706.4,1372.2,0,0.0310227,0.820659,310.227
SN:,-7615.2,1374.6,0,0.0422611,0.893416,422.611
SN:,-8049,1309.25,0,0.0203913,1.2021,203.913
SN:,-8118,1253.5,0,0.0282122,1.14562,282.122
SN:,-8187,1197.75,0,0.0350994,1.08704,350.994
SN:,-7978.25,1079.25,0,0.041033,2.07528,410.33
SN:,-7975.5,979.5,0,0.0593963,1.96388,593.963
SN:,-7972.75,879.75,0,0.115988,2.84867,1159.88
SN:,-8010.67,616,0,0.106561,1.57358,1065.61
SN:,-7990.33,698,0,0.0940042,1.60781,940.042
SN:,-8107.5,528,0,0.0917339,1.0993,917.339
SN:,-7999,267.667,0,0,0,0
SN:,-8022,348.333,0,0,0,0
SN:,-6803,-169.5,0,0,0,0
SN:,-7587.5,-3929,0,0,0,0
SN:,-7400.5,-4013.5,0,0,0,0
SN:,-7250.33,-3361.33,0,0,0,0
SN:,-7239.67,-3274.67,0,0,0,0
SN:,-7220.5,-3095,0,0,0,0
SN:,-7203,-2888.5,0,0,0,0
SN:,-7146,-2607.5,0,0,0,0
SN:,-7065.33,-2676.83,0,0,0,0
SN:,-6961.67,-2674.67,0,0,0,0
SN:,-6858,-2672.5,0,0,0,0
SN:,-6754.33,-2670.33,0,0,0,0
SN:,-6650.67,-2668.17,0,0,0,0
SN:,-7258,-2697,0,0,0,0
SN:,-7087.5,-2452.5,0,0,0,0
SN:,-7083,-1897.5,0,0,0,0
SN:,-7162.33,-1687.33,0,0,0,0
SN:,-7198.67,-1590.67,0,0,0,0
SN:,-7234,-1203,0,0,0,0
SN:,-7342.5,-1086.5,0,0,0,0
SN:,-7145.5,-593,0,0,0,0
SN:,-7086.67,148.333,0,0,0,0
SN:,-7002.33,149.667,0,0,0,0
SN:,-7258.5,144.25,0,0,0,0
SN:,-7346,141.5,0,0,0,0
SN:,-7433.5,138.75,0,0,0,0
SN:,-7186.25,246.75,0,0,0,0
SN:,-7201.5,346.5,0,0,0,0
SN:,-7216.75,446.25,0,0,0,0
SN:,-7237.5,621.5,0,0,0,0
SN:,-4123.5,-7938,0,0.00496717,0.192428,49.6717
SN:,-3319.75,-7953,0,0,0,0
SN:,-3230.5,-7951,0,0,0,0
SN:,-3141.25,-7949,0,0,0,0
SN:,-6307.5,2298.5,0,0.0448277,0.382683,448.277
SN:,-6178.5,2356,0,0,0,0
SN:,-6090,2630,0,0.0102898,0.0654031,102.898
SN:,-3580.33,3645.67,0,0,0,0
SN:,-3554.67,3732.33,0,0,0,0
SN:,-3171.5,3431.5,0,0,0,0
SN:,-7612.75,539.25,0,0.0942605,0.835752,942.605
SN:,-7708.5,540.5,0,0.0824317,0.78942,824.317
SN:,-7804.25,541.75,0,0.071329,0.742578,713.29
SN:,-5778,-5924,0,0,0,0
SN:,-5946.5,-5947.5,0,0,0,0
SN:,-5612.5,-5879.5,0,0,0,0
SN:,-5673,-5982,0,0,0,0
SN:,-5325,-5852.5,0,0,0,0
SN:,-5192.5,-5805.5,0,0,0,0
SN:,-4358,-6329,0,0,0,0
SN:,-4236,-7362,0,0.108543,0.923275,1085.43
SN:,-4442.67,-7353.33,0,0,0,0
SN:,-4544.33,-7349.67,0,0,0,0
SN:,-5478,173.5,0,0,0,0
SN:,-5560,437.5,0,0.732545,3.96242,7325.45
SN:,-5345.5,458.6,0,0.606842,2.94922,6068.42
SN:,-5249,468.2,0,0.63325,2.93611,6332.5
SN:,-5152.5,477.8,0,0.658432,2.91871,6584.32
SN:,-5056,487.4,0,0.682274,2.89709,6822.74
SN:,-4959.5,497,0,0.704672,2.87132,7046.72
SN:,-4863,506.6,0,0.725524,2.84151,7255.24
SN:,-4766.5,516.2,0,0.479515,1.80783,4795.15
SN:,-4670,525.8,0,0.487154,1.77046,4871.54
SN:,-4573.5,535.4,0,0.493042,1.72954,4930.42
SN:,-4159,1291.5,0,0.29316,1,2931.6
SN:,-4224,1125.6,0,0,0,0
SN:,-4227,1020.2,0,0,0,0
SN:,-4230,914.8,0,0,0,0
SN:,-4233,809.4,0,0,0,0
SN:,-6459,-4398,0,0.159549,1.57042,1595.49
SN:,-6509.5,-4419.5,0,0,0,0
SN:,-6370,-4370,0,0,0,0
SN:,-6487,-4099.5,0,0.209437,1.61406,2094.37
SN:,-6491,-4007,0,0.226664,1.62815,2266.64
SN:,-6495,-3914.5,0,0.244121,1.64199,2441.21
SN:,-6501.67,-3718.33,0,0.285939,1.66896,2859.39
SN:,-6504.33,-3614.67,0,0.270516,1.68209,2705.16
SN:,-6513,-3397,0,0.237535,1.7076,2375.35
SN:,-6521.67,-3199,0,0.206732,1.73212,2067.32
SN:,-6524.33,-3115,0,0.193256,1.744,1932.56
SN:,-6532,-2939.75,0,0.166444,1.76701,1664.44
SN:,-6537,-2848.5,0,0.150612,1.77812,1506.12
SN:,-6542,-2757.25,0,0.13455,1.78898,1345.5
SN:,-6550.75,-2562.5,0,0.102732,1.80992,1027.32
SN:,-6554.5,-2459,0,0.0836053,1.82,836.053
SN:,-6558.25,-2355.5,0,0.0642514,1.82981,642.514
SN:,-6451.67,-2661.67,0,0,0,0
SN:,-6356.33,-2657.33,0,0,0,0
SN:,-6555,-2130.75,0,0.0237695,1.84863,237.695
SN:,-6541,-1888.25,0,0.0336715,2.67539,336.715
SN:,-6507,-1445.5,0,0.041121,1.96337,411.21
SN:,-6418.5,-1155.5,0,0.105665,2.03319,1056.65
SN:,-6339.5,-956.5,0,0.151249,2.0783,1512.49
SN:,-7818.5,-2103,0,0,0,0
SN:,-7834,-2198,0,0,0,0
SN:,-7849.5,-2293,0,0,0,0
SN:,-7865,-2388,0,0,0,0
SN:,-7880.5,-2483,0,0,0,0
SN:,-4255.5,-6353,0,0.410065,1.74683,4100.65
SN:,-4221.5,-6168,0,0.470391,1.84459,4703.91
SN:,-4289.5,-8657.25,0,0.177983,1.99679,1779.83
SN:,-4261,-8549.5,0,0.155171,1.99764,1551.71
SN:,-4232.5,-8441.75,0,0.132331,1.99836,1323.31
SN:,-4213.33,-8768,0,0.220296,1.99469,2202.96
SN:,-4108.67,-8771,0,0.242279,1.99345,2422.79
SN:,-4358,-8842.5,0,0,0,0
SN:,-2173,-7999,0,0.144376,1.27393,1443.76
SN:,-1951,-7990.83,0,0.128205,1.41284,1282.05
SN:,-1853,-7974.67,0,0.119511,1.48027,1195.11
SN:,-1755,-7958.5,0,0.109357,1.54615,1093.57
SN:,-1657,-7942.33,0,0.0977821,1.61033,977.821
SN:,-1559,-7926.17,0,0.186259,3.67266,1862.59
SN:,-2272,-7871.5,0,0.156671,1.13069,1566.71
SN:,-2542,-7977,0,0,0,0
SN:,-2734.5,-7964.5,0,0,0,0
SN:,-2941,-7953.5,0,0,0,0
SN:,-3055.75,-7847.75,0,0,0,0
SN:,-3059.5,-7748.5,0,0,0,0
SN:,-3063.25,-7649.25,0,0,0,0
SN:,-3625.5,-7997.5,0,0,0,0
SN:,-3703.67,-8126.67,0,0.0393581,0.499809,393.581
SN:,-3699.33,-8225.33,0,0.0224835,0.252549,224.835
SN:,-4648.67,-7817.33,0,0.0152289,0.406682,152.289
SN:,-4649.33,-7721.67,0,0.0202924,0.430238,202.924
SN:,-4209.67,-8221.33,0,0.0874799,1.99941,874.799
SN:,-4215.33,-8108.67,0,0.0646642,1.99974,646.642
SN:,-5126,-8988.25,0,0,0,0
SN:,-5022,-8978.5,0,0,0,0
SN:,-4918,-8968.75,0,0,0,0
SN:,-4814,-8959,0,0,0,0
SN:,-4710,-8949.25,0,0,0,0
SN:,-4606,-8939.5,0,0,0,0
SN:,-4502,-8929.75,0,0,0,0
SN:,-2248.5,-5689.5,0,0.302464,0.717507,3024.64
SN:,-2350,-5564,0,0,0,0
SN:,-2161.33,-5566.67,0,0,0,0
SN:,-2073.67,-5566.33,0,0,0,0
SN:,-2081.33,-5790,0,0.292172,0.685842,2921.72
SN:,-2164.67,-5801,0,0.29067,0.696551,2906.7
SN:,-1931.5,-5835,0,0.290051,0.663975,2900.51
SN:,-2356,-5809.67,0,0,0,0
SN:,-2464,-5807.33,0,0,0,0
SN:,-2564.5,-5562.5,0,0,0,0
SN:,-2788,-5569,0,0,0,0
SN:,-1661.5,-5841.5,0,0.256164,0.630088,2561.64
SN:,-3966.5,-6161,0,0,0,0
SN:,-3787,-6152.5,0,0,0,0
SN:,-3590,-6142.5,0,0,0,0
SN:,-2256.5,-5992.75,0,0,0,0
SN:,-2261,-6086.5,0,0,0,0
SN:,-2265.5,-6180.25,0,0,0,0
SN:,-4677.5,-6973.5,0,0,0,0
SN:,-4951.5,-7246,0,0,0,0
SN:,-5069.33,-7327.33,0,0.0783471,0.616151,783.471
SN:,-5185.67,-7327.67,0,0.0888896,0.639022,888.896
SN:,-4852.5,-7331.5,0,0.0601848,0.570143,601.848
SN:,-4874.5,-7105,0,0,0,0
SN:,-5057,-7166.5,0,0,0,0
SN:,-2910,-6037.5,0,0,0,0
SN:,-2227,-5355.5,0,0.339915,0.747754,3399.15
SN:,-2629,-7382,0,0,0,0
SN:,-2701,-7334,0,0,0,0
SN:,-2517.33,-7525.67,0,0,0,0
SN:,-2477.67,-7621.33,0,0,0,0
SN:,-2466.5,-7400,0,0,0,0
SN:,-3457.5,-7273,0,0,0,0
SN:,-3630,-7278,0,0,0,0
SN:,-2935,-7250.5,0,0,0,0
SN:,-3158.5,-7251.5,0,0,0,0
SN:,-2894.5,-7336,0,0,0,0
SN:,-2342.5,-7734.5,0,0,0,0
SN:,-2392.25,-7631,0,0,0,0
SN:,-2346.5,-7545,0,0,0,0
SN:,-2300.75,-7459,0,0,0,0
SN:,-2329.5,-4992.5,0,0.389594,0.785775,3895.94
SN:,-5502.5,-7257.5,0,0,0,0
SN:,-5385.67,-7326,0,0.108787,0.684482,1087.87
SN:,-5469.33,-7324,0,0.118616,0.707065,1186.16
SN:,-5539,-7415,0,0,0,0
SN:,-2234.25,-7659.75,0,0.144268,0.905891,1442.68
SN:,-2221.5,-7567.5,0,0.160404,0.949474,1604.04
SN:,-2208.75,-7475.25,0,0.177365,0.992957,1773.65
SN:,-2059,-7781.5,0,0.0198594,0.117636,198.594
SN:,-5870.5,233.5,0,0,0,0
SN:,-6260.5,-750.5,0,0.20185,2.12225,2018.5
SN:,-6189.5,-567,0,0.249226,2.16503,2492.26
SN:,-6113,-367.5,0,0.300523,2.20661,3005.23
SN:,-6073.75,27.75,0,0.367949,2.28616,3679.49
SN:,-6085.5,139.5,0,0.346073,2.30528,3460.73
SN:,-6097.25,251.25,0,0.323739,2.32409,3237.39
SN:,-6212.75,339,0,0,0,0
SN:,-6316.5,315,0,0,0,0
SN:,-6420.25,291,0,0,0,0
SN:,-6118.25,473.75,0,0.0765329,0.640876,765.329
SN:,-6127.5,584.5,0,0.0708066,0.657939,708.066
SN:,-6136.75,695.25,0,0.0646458,0.674671,646.458
SN:,-5788,414.333,0,0.481926,2.9657,4819.26
SN:,-5898,402.667,0,0.447121,2.96644,4471.21
SN:,-6478.5,185.5,0,0,0,0
SN:,-6829,177.5,0,0,0,0
SN:,-7619.33,113,0,0,0,0
SN:,-7717.67,90,0,0,0,0
SN:,-6254.5,787.5,0,0,0,0
SN:,-6363,769,0,0,0,0
SN:,-6471.5,750.5,0,0,0,0
SN:,-6159,906.25,0,0.0535824,0.707107,535.824
SN:,-6172,1006.5,0,0.0470145,0.722795,470.145
SN:,-6185,1106.75,0,0.04009,0.738119,400.9
SN:,-6896.33,634,0,0.0939332,1.18457,939.332
SN:,-6984.67,598,0,0.10216,1.14336,1021.6
SN:,-7152.5,554,0,0.113111,1.05874,1131.11
SN:,-6154.67,-2647,0,0,0,0
SN:,-6048.33,-2641,0,0,0,0
SN:,-5942,-2635,0,0,0,0
SN:,-5835.67,-2629,0,0,0,0
SN:,-5729.33,-2623,0,0,0,0
SN:,-5535,-2611,0,0,0,0
SN:,-5447,-2605,0,0,0,0
SN:,-5272,-2592.5,0,0,0,0
SN:,-4816,-2911.5,0,0.952201,3.61743,9522.01
SN:,-4835.75,-2760,0,0.677816,2.77266,6778.16
SN:,-4911.5,-2707,0,0.653611,2.78774,6536.11
SN:,-4987.25,-2654,0,0.628981,2.80226,6289.81
SN:,-4047,-4443.5,0,1.34068,2.81154,13406.8
SN:,-3969,-4637,0,1.20985,2.69307,12098.5
SN:,-3916.5,-4766.5,0,1.12588,2.61152,11258.8
SN:,-4015,-5271.67,0,0.867402,2.35516,8674.02
SN:,-4010,-5379.33,0,0.825126,2.31082,8251.26
SN:,-4648.5,-2691.5,0,0.232363,0.894487,2323.63
SN:,-4775,-2580,0,0.700405,2.8548,7004.05
SN:,-4871,-2587,0,0.668117,2.8425,6681.17
SN:,-4967,-2594,0,0.635957,2.82965,6359.57
SN:,-4571.5,-2564.75,0,0,0,0
SN:,-4464,-2556.5,0,0,0,0
SN:,-4356.5,-2548.25,0,0,0,0
SN:,-4078.67,-3774.67,0,1.42406,3.10339,14240.6
SN:,-4178.33,-3757.33,0,1.40739,3.13729,14073.9
SN:,-3962.75,-3879.5,0,1.44925,3.03384,14492.5
SN:,-3946.5,-3967,0,1.45925,2.99819,14592.5
SN:,-3930.25,-4054.5,0,1.46833,2.96198,14683.3
SN:,-4359,-3789.5,0,1.37472,3.20328,13747.2
SN:,-4440,-3839,0,1.35743,3.23536,13574.3
SN:,-4521,-3888.5,0,1.33927,3.26683,13392.7
SN:,-4860.5,-3130,0,1.02252,3.57079,10225.2
SN:,-4624.5,-2387,0,1.03752,3.79938,10375.2
SN:,-4560.5,-2175,0,1.13212,3.82918,11321.2
SN:,-4868.5,-3366,0,1.09224,3.52144,10922.4
SN:,-4762,-3641.5,0,1.19662,3.44241,11966.2
SN:,-4682.33,-3745.33,0,1.24583,3.38644,12458.3
SN:,-4710.67,-3835.67,0,1.26769,3.35749,12676.9
SN:,-4208,500.5,0,0,0,0
SN:,-3064,2224.4,0,0,0,0
SN:,-3164,2225.8,0,0,0,0
SN:,-3264,2227.2,0,0,0,0
SN:,-3364,2228.6,0,0,0,0
SN:,-3512,2018.5,0,0.174002,0.943883,1740.02
SN:,-3487,2235,0,0,0,0
SN:,-6663,-1231.5,0,0,0,0
SN:,-6278,-1224,0,0,0,0
SN:,-6321,-1335.5,0,0,0,0
SN:,-4089.5,-1918.5,0,0,0,0
SN:,-4919.67,-993.333,0,0,0,0
SN:,-5012.33,-1009.67,0,0,0,0
SN:,-3069,-1700.33,0,0,0,0
SN:,-3168,-1721.67,0,0,0,0
SN:,-3019,-1607,0,0,0,0
SN:,-3068,-1535,0,0,0,0
SN:,-2855,-1774.33,0,0,0,0
SN:,-2766,-1763.67,0,0,0,0
SN:,-7550.4,-1111.6,0,0.158743,0.932472,1587.43
SN:,-7638.8,-1138.2,0,0.154292,0.948161,1542.92
SN:,-7727.2,-1164.8,0,0.149291,0.961826,1492.91
SN:,-7815.6,-1191.4,0,0.143782,0.973438,1437.82
SN:,-2480,-1711,0,0,0,0
SN:,-4578,-1464.5,0,1.07183,3.91048,10718.3
SN:,-4567,-1562,0,1.10836,3.90107,11083.6
SN:,-4556,-1659.5,0,1.14449,3.89093,11444.9
SN:,-4606,-1274,0,1.00095,3.92707,10009.5
SN:,-4623,-1181,0,0.719784,2.93437,7197.84
SN:,-3887,-1889.5,0,0,0,0
SN:,-6154,-1103,0,0,0,0
SN:,-7068,-1136.5,0,0,0,0
SN:,-6881,-1191.5,0,0,0,0
SN:,-5408.62,-1079.38,0,0,0,0
SN:,-5507.25,-1097.75,0,0,0,0
SN:,-5605.88,-1116.12,0,0,0,0
SN:,-5704.5,-1134.5,0,0,0,0
SN:,-5803.12,-1152.88,0,0,0,0
SN:,-5901.75,-1171.25,0,0,0,0
SN:,-6000.38,-1189.62,0,0,0,0
SN:,-5207.5,-1043.5,0,0,0,0
SN:,-5286,-1159,0,0,0,0
SN:,-7925,-1127,0,0.130347,0.99041,1303.47
SN:,-7985,-1239.5,0,0,0,0
SN:,-4588,-932,0,0.685558,2.95312,6855.58
SN:,-3616.6,-1834.2,0,0,0,0
SN:,-3529.2,-1811.4,0,0,0,0
SN:,-3441.8,-1788.6,0,0,0,0
SN:,-3354.4,-1765.8,0,0,0,0
SN:,-3286,-1666,0,0,0,0
SN:,-6152.17,-3929.17,0,0,0,0
SN:,-6178.33,-4029.33,0,0,0,0
SN:,-6204.5,-4129.5,0,0,0,0
SN:,-6230.67,-4229.67,0,0,0,0
SN:,-6256.83,-4329.83,0,0,0,0
SN:,-6134,-3724.67,0,0,0,0
SN:,-6142,-3620.33,0,0,0,0
SN:,-6094,-3180.5,0,0,0,0
SN:,-6139.5,-2905,0,0,0,0
SN:,-3417.5,-583.5,0,0,0,0
SN:,-3271,-906,0,0,0,0
SN:,-3970,-122,0,0,0,0
SN:,-3289.5,-1072.5,0,0,0,0
SN:,-4869.33,153.333,0,0,0,0
SN:,-4851.67,42.6667,0,0,0,0
SN:,-4978.75,252,0,0,0,0
SN:,-5070.5,240,0,0,0,0
SN:,-5162.25,228,0,0,0,0
SN:,-4500.5,124.5,0,0.646902,1.99397,6469.02
SN:,-3645.5,-593.5,0,0,0,0
SN:,-4336,2205.33,0,0.182687,2.48372,1826.87
SN:,-4440,2198.67,0,0.148115,2.35751,1481.15
SN:,-4157,2218,0,0.0527133,0.578671,527.133
SN:,-4540.5,2304.5,0,0.0244544,0.382683,244.544
SN:,-4648.2,2192.3,0,0.0567376,1.32801,567.376
SN:,-4752.4,2192.6,0,0.0728271,2.27281,728.271
SN:,-4856.6,2192.9,0,0.0470798,2.20392,470.798
SN:,-4960.8,2193.2,0,0.0545743,5.10951,545.743
SN:,-7409,1421,0,0.0708568,1.03447,708.568
SN:,-7292.5,1557.75,0,0.048439,0.568065,484.39
SN:,-7291,1650.5,0,0.0546666,0.600742,546.666
SN:,-7289.5,1743.25,0,0.0611744,0.632445,611.744
SN:,-7216,1496.33,0,0.115043,1.2954,1150.43
SN:,-7138,1527.67,0,0.132577,1.35179,1325.77
SN:,-3462.5,2471,0,0,0,0
SN:,-7293.5,1914.5,0,0,0,0
SN:,-7179.78,1993.78,0,0.366187,2.40469,3661.87
SN:,-7082.56,2007.56,0,0.359512,2.47701,3595.12
SN:,-6985.33,2021.33,0,0.351158,2.54464,3511.58
SN:,-6888.11,2035.11,0,0.341208,2.60746,3412.08
SN:,-6790.89,2048.89,0,0.329752,2.66535,3297.52
SN:,-6693.67,2062.67,0,0.316882,2.71822,3168.82
SN:,-6596.44,2076.44,0,0.302696,2.76595,3026.96
SN:,-6499.22,2090.22,0,0.287296,2.80848,2872.96
SN:,-3546.5,1839,0,0.198762,0.974928,1987.62
SN:,-3979,2225,0,0.0725568,0.666347,725.568
SN:,-3876,2226,0,0.0844023,0.707107,844.023
SN:,-3773,2227,0,0.0968128,0.745642,968.128
SN:,-3670,2228,0,0.109701,0.781831,1097.01
SN:,-3567,2229,0,0.122977,0.815561,1229.77
SN:,-6300,2115.38,0,1.03994,8.27914,10399.4
SN:,-6198,2126.75,0,0.966522,8.39665,9665.22
SN:,-6096,2138.12,0,0.784814,7.50252,7848.14
SN:,-5994,2149.5,0,0.714992,7.59778,7149.92
SN:,-5892,2160.88,0,0.642262,7.68218,6422.62
SN:,-5790,2172.25,0,0.566949,7.7555,5669.49
SN:,-5688,2183.62,0,0.489391,7.81756,4893.91
SN:,-5566.5,2289,0,0.291595,4.68473,2915.95
SN:,-5481.8,2194.7,0,0.781431,18.2807,7814.31
SN:,-5377.6,2194.4,0,0.354196,11.048,3541.96
SN:,-5273.4,2194.1,0,0.138119,6.46225,1381.19
SN:,-5169.2,2193.8,0,0.060989,5.70707,609.89
SN:,-3253.5,3218,0,0,0,0
SN:,-3354.5,2956.5,0,0,0,0
SN:,-3417,2736.5,0,0,0,0
SN:,-3143,3433,0,0,0,0
SN:,-2997,3543,0,0,0,0
SN:,-8869.4,678.6,0,0.190365,1.24222,1903.65
SN:,-8959.8,734.2,0,0.162203,0.989657,1622.03
SN:,-9050.2,789.8,0,0.120189,0.688559,1201.89
SN:,-9140.6,845.4,0,0.0654063,0.353157,654.063
SN:,-8691.5,592.5,0,0.210203,1.56198,2102.03
SN:,-8306,521,0,0.0909615,0.924417,909.615
SN:,-7488.4,3518.4,0,0,0,0
SN:,-7486.8,3421.8,0,0,0,0
SN:,-7485.2,3325.2,0,0,0,0
SN:,-7483.6,3228.6,0,0,0,0
SN:,-7480,3030.33,0,0,0,0
SN:,-7478,2928.67,0,0,0,0
SN:,-6115.33,-7065,0,0.205288,0.926702,2052.88
SN:,-6183.67,-6996,0,0.200446,0.947977,2004.46
SN:,-3133.33,-5501,0,0,0,0
SN:,-3037.67,-5535,0,0,0,0
SN:,-3326.5,-5461,0,0,0,0
SN:,-3424,-5455,0,0,0,0
SN:,-3521.5,-5449,0,0,0,0
SN:,-4333,-5487.5,0,0,0,0
SN:,-4530.5,-5493.5,0,0,0,0
SN:,-3797.67,-5463,0,0,0,0
SN:,-3708.33,-5453,0,0,0,0
SN:,-4748,-5541.5,0,0,0,0
SN:,-4843,-5581,0,0,0,0
SN:,-4938,-5620.5,0,0,0,0
SN:,-8948,-3038.67,0,0,0,0
SN:,-8951,-3126.33,0,0,0,0
SN:,-8942.2,-2860.6,0,0,0,0
SN:,-8939.4,-2770.2,0,0,0,0
SN:,-8936.6,-2679.8,0,0,0,0
SN:,-8933.8,-2589.4,0,0,0,0
SN:,-8331,1072,0,0.112201,2.33703,1122.01
SN:,-8462.75,932,0,0,0,0
SN:,-8519.5,862,0,0,0,0
SN:,-8576.25,792,0,0,0,0
SN:,-8478.5,1050.5,0,0.0746427,1.11256,746.427
SN:,-8894.83,-558,0,0,0,0
SN:,-8892.67,-456,0,0,0,0
SN:,-8890.5,-354,0,0,0,0
SN:,-8888.33,-252,0,0,0,0
SN:,-8886.17,-150,0,0,0,0
SN:,-8897.5,-758.375,0,0,0,0
SN:,-8898,-856.75,0,0,0,0
SN:,-8898.5,-955.125,0,0,0,0
SN:,-8904.4,-1546.8,0,0,0,0
SN:,-8907.8,-1646.6,0,0,0,0
SN:,-8911.2,-1746.4,0,0,0,0
SN:,-8914.6,-1846.2,0,0,0,0
SN:,-8798,-1449.33,0,0,0,0
SN:,-8695,-1451.67,0,0,0,0
SN:,-8900.5,-1348.62,0,0,0,0
SN:,-8900,-1250.25,0,0,0,0
SN:,-8899.5,-1151.88,0,0,0,0
SN:,-8949,-3324,0,0,0,0
SN:,-9025.75,-3270.25,0,0,0,0
SN:,-9097.5,-3326.5,0,0,0,0
SN:,-9169.25,-3382.75,0,0,0,0
SN:,-8853,52.4,0,0,0,0
SN:,-8822,152.8,0,0,0,0
SN:,-8791,253.2,0,0,0,0
SN:,-8760,353.6,0,0,0,0
SN:,-8928.83,-2406.83,0,0,0,0
SN:,-8926.67,-2314.67,0,0,0,0
SN:,-8924.5,-2222.5,0,0,0,0
SN:,-8922.33,-2130.33,0,0,0,0
SN:,-8920.17,-2038.17,0,0,0,0
SN:,-8834.67,-2503.33,0,0,0,0
SN:,-8738.33,-2507.67,0,0,0,0
SN:,-8930,2446.5,0,0.0228544,0.142315,228.544
SN:,-8850,2375,0,0.0421922,0.281733,421.922
SN:,-8770,2303.5,0,0.0577133,0.415415,577.133
SN:,-2301.6,-3559.2,0,0,0,0
SN:,-2209.2,-3560.4,0,0,0,0
SN:,-2116.8,-3561.6,0,0,0,0
SN:,-2024.4,-3562.8,0,0,0,0
SN:,-2506,-3554,0,0,0,0
SN:,-2749,-2513.67,0,0,0,0
SN:,-2751,-2411.33,0,0,0,0
SN:,-2692,-2682.5,0,0,0,0
SN:,-2883.5,-1987,0,0,0,0
SN:,-2803.5,-2197.5,0,0,0,0
SN:,-2743.5,-2058.5,0,0,0,0
SN:,-2712.5,-3551.5,0,0.477268,0.932157,4772.68
SN:,-2613.5,-3407.5,0,0.480059,0.947326,4800.59
SN:,-2860,-2974.5,0,0.435368,0.972023,4353.68
SN:,-2957,-2993,0,0.426993,0.975397,4269.93
SN:,-3054,-3011.5,0,0.418459,0.978556,4184.59
SN:,-3151,-3030,0,0.40977,0.981501,4097.7
SN:,-3248,-3048.5,0,0.400934,0.984231,4009.34
SN:,-2682,-3131,0,0.458464,0.960624,4584.64
SN:,-3322,-3178,0,0,0,0
SN:,-3299,-3289,0,0,0,0
SN:,-3431.5,-3048.25,0,0.386315,0.98904,3863.15
SN:,-3518,-3029.5,0,0.37762,0.991119,3776.2
SN:,-3604.5,-3010.75,0,0.368804,0.992981,3688.04
SN:,-2522.33,-4302,0,0.493322,0.861044,4933.22
SN:,-2451.67,-4357,0,0.481189,0.853414,4811.89
SN:,-2357.33,-4494,0,0.457737,0.837593,4577.37
SN:,-2333.67,-4576,0,0.446068,0.829406,4460.68
SN:,-2312.67,-4742.33,0,0.423287,0.812487,4232.87
SN:,-2315.33,-4826.67,0,0.411849,0.803759,4118.49
SN:,-3119.5,-3665.5,0,0,0,0
SN:,-4712,-750.75,0,0,0,0
SN:,-4733,-650.5,0,0,0,0
SN:,-4754,-550.25,0,0,0,0
SN:,-3794,-2962.8,0,0.350782,0.99605,3507.82
SN:,-3897,-2933.6,0,0.340266,0.997256,3402.66
SN:,-4000,-2904.4,0,0.329651,0.998244,3296.51
SN:,-4103,-2875.2,0,0.318945,0.999012,3189.45
SN:,-4819.25,-163.5,0,0,0,0
SN:,-4804.5,-259,0,0,0,0
SN:,-4789.75,-354.5,0,0,0,0
SN:,-2715,-4047,0,0.469418,0.882793,4694.18
SN:,-2756,-3957,0,0.464194,0.889657,4641.94
SN:,-2797,-3867,0,0.458734,0.896326,4587.34
SN:,-2838,-3777,0,0.453041,0.902798,4530.41
SN:,-4376.67,-2797.33,0,0,0,0
SN:,-4291.33,-2821.67,0,0,0,0
SN:,-6986.5,1588.5,0,0.124005,1.45877,1240.05
SN:,-5836,-6609,0,0,0,0
SN:,-5628,-6453.5,0,0,0,0
SN:,-5491,-6361,0,0,0,0
SN:,-6659,-4310,0,0,0,0
SN:,-6848.33,-4236.33,0,0,0,0
SN:,-6936.67,-4205.67,0,0,0,0
SN:,-6074,-6760.5,0,0,0,0
SN:,-5337.5,-6276.5,0,0,0,0
SN:,-7852,-1640.5,0,0,0,0
SN:,-8135.67,-876.333,0,0,0,0
SN:,-8050.33,-871.667,0,0,0,0
SN:,-7882.5,-1415,0,0,0,0
SN:,-5723.5,894,0,0,0,0
SN:,-5797,815,0,0,0,0
SN:,-5544.5,822.5,0,0,0,0
SN:,-7337.5,543.5,0,0.122634,0.971397,1226.34
SN:,-5943.33,1236.67,0,0,0,0
SN:,-6042.67,1224.33,0,0,0,0
SN:,-7037.5,-172,0,0,0,0
SN:,-8071.5,-655,0,0.0463081,0.602635,463.081
SN:,-8053,-4001.5,0,0,0,0
SN:,-8612,2168,0,0.0775944,0.654861,775.944
SN:,-7986.67,-2566,0,0,0,0
SN:,-8077.33,-2554,0,0,0,0
SN:,-7817.5,-2591.5,0,0,0,0
SN:,-7912.33,-2685.67,0,0,0,0
SN:,-7928.67,-2793.33,0,0,0,0
SN:,-8547.2,-2518,0,0,0,0
SN:,-8452.4,-2524,0,0,0,0
SN:,-8357.6,-2530,0,0,0,0
SN:,-8262.8,-2536,0,0,0,0
SN:,-8526.75,-11,0,0,0,0
SN:,-8620.5,-21,0,0,0,0
SN:,-8714.25,-31,0,0,0,0
SN:,-8357.5,6.5,0,0,0,0
SN:,-7996,-293,0,0,0,0
SN:,-7607,-484.5,0,0,0,0
SN:,-7434,-406.5,0,0,0,0
SN:,-6464,-6231,0,0,0,0
SN:,-6256.33,1306.33,0,0.0401296,0.767645,401.296
SN:,-6314.67,1405.67,0,0.0476685,0.781831,476.685
SN:,-6440.83,-4815.5,0,0.186772,1.50904,1867.72
SN:,-6432.67,-4917,0,0.200217,1.49314,2002.17
SN:,-6424.5,-5018.5,0,0.213303,1.47703,2133.03
SN:,-6416.33,-5120,0,0.226024,1.46069,2260.24
SN:,-6408.17,-5221.5,0,0.238371,1.44415,2383.71
SN:,-7607.5,981,0,0,0,0
SN:,-8049,-1825,0,0,0,0
SN:,-8183,-1966,0,0,0,0
SN:,-6679.5,1621.5,0,0.0889845,1.60364,889.845
SN:,-5629.5,2011,0,0,0,0
SN:,-7420,1979,0,0.155774,1.49788,1557.74
SN:,-6391.5,-5504,0,0.164663,1.39327,1646.63
SN:,-6388,-5604,0,0.148546,1.37591,1485.46
SN:,-6384.5,-5704,0,0.132763,1.35834,1327.63
SN:,-6476,1568,0,0.0463635,0.809017,463.635
SN:,-4544.5,1341,0,0,0,0
SN:,-5714.5,-6188,0,0,0,0
SN:,-5553,-6165,0,0,0,0
SN:,-7888.5,-610,0,0.0646864,0.673696,646.864
SN:,-7445,-2687.5,0,0,0,0
SN:,-7543,-2660,0,0,0,0
SN:,-7641,-2632.5,0,0,0,0
SN:,-5860,-7261,0,0,0,0
SN:,-5828.5,-6320.5,0,0,0,0
SN:,-7972.5,-758,0,0,0,0
SN:,-6322,-6587,0,0.178627,1.07262,1786.27
SN:,-6143.33,-6230.33,0,0,0,0
SN:,-6027.67,-6221.67,0,0,0,0
SN:,-6501.67,-5333,0,0,0,0
SN:,-6603.33,-5343,0,0,0,0
SN:,-8709.5,-3979.5,0,0,0,0
SN:,-6564,-4581.33,0,0,0,0
SN:,-6670,-4589.67,0,0,0,0
SN:,-3006,3248,0,0,0,0
SN:,-7766.67,-3659,0,0,0,0
SN:,-7795.33,-3560,0,0,0,0
SN:,-7907.5,-3446,0,0,0,0
SN:,-7955.5,-951.5,0,0.11339,0.998933,1133.9
SN:,-4481,435,0,1.18878,3.98336,11887.8
SN:,-4501,-820,0,0.492873,1.96342,4928.73
SN:,-4510,-727,0,0.514001,1.96809,5140.01
SN:,-4474,-1005.5,0,0,0,0
SN:,-7978,1523.5,0,0,0,0
SN:,-4580,311.333,0,0,0,0
SN:,-4675,297.667,0,0,0,0
SN:,-7207.5,-4221.5,0,0,0,0
SN:,-7102,-4144.5,0,0,0,0
SN:,-7272.5,-4422.5,0,0,0,0
SN:,-7319.33,-4715.33,0,0,0,0
SN:,-7307.67,-4803.67,0,0,0,0
SN:,-7238.5,-4622.17,0,0,0,0
SN:,-7146,-4617.33,0,0,0,0
SN:,-7053.5,-4612.5,0,0,0,0
SN:,-6961,-4607.67,0,0,0,0
SN:,-6868.5,-4602.83,0,0,0,0
SN:,-7255.12,-4980.38,0,0,0,0
SN:,-7214.25,-5068.75,0,0,0,0
SN:,-7173.38,-5157.12,0,0,0,0
SN:,-7132.5,-5245.5,0,0,0,0
SN:,-7091.62,-5333.88,0,0,0,0
SN:,-7050.75,-5422.25,0,0,0,0
SN:,-7009.88,-5510.62,0,0,0,0
SN:,-6918,-5685.67,0,0,0,0
SN:,-6867,-5772.33,0,0,0,0
SN:,-6803.5,-5942.5,0,0,0,0
SN:,-6712,-5836,0,0,0,0
SN:,-6791,-6119.5,0,0,0,0
SN:,-6627.4,-5721,0,0,0,0
SN:,-6646.8,-5629,0,0,0,0
SN:,-6666.2,-5537,0,0,0,0
SN:,-6685.6,-5445,0,0,0,0
SN:,-6713.88,-5258.62,0,0,0,0
SN:,-6722.75,-5164.25,0,0,0,0
SN:,-6731.62,-5069.88,0,0,0,0
SN:,-6740.5,-4975.5,0,0,0,0
SN:,-6749.38,-4881.12,0,0,0,0
SN:,-6758.25,-4786.75,0,0,0,0
SN:,-6767.12,-4692.38,0,0,0,0
SN:,-6777.33,-6472,0,0,0,0
SN:,-6758.67,-6573,0,0,0,0
SN:,-6740,-6674,0,0,0,0
SN:,-6721.33,-6775,0,0,0,0
SN:,-6702.67,-6876,0,0,0,0
SN:,-6859.33,-7219.67,0,0,0,0
SN:,-6935.67,-7268.33,0,0,0,0
SN:,-7015,-7421.33,0,0,0,0
SN:,-7018,-7525.67,0,0,0,0
SN:,-7025,-7734,0,0,0,0
SN:,-6831,-7819.5,0,0,0,0
SN:,-6652.25,-7767.25,0,0,0,0
SN:,-6550.5,-7733.5,0,0,0,0
SN:,-6448.75,-7699.75,0,0,0,0
SN:,-6245.4,-7642.8,0,0,0,0
SN:,-6143.8,-7619.6,0,0,0,0
SN:,-6042.2,-7596.4,0,0,0,0
SN:,-5940.6,-7573.2,0,0,0,0
SN:,-5628,-7541,0,0,0,0
SN:,-6256.33,-7276,0,0,0,0
SN:,-6335.67,-7316,0,0,0,0
SN:,-9241,-3515.5,0,0,0,0
SN:,-9320.5,-3440.5,0,0,0,0
SN:,-9334.2,-3600,0,0,0,0
SN:,-9427.4,-3608,0,0,0,0
SN:,-9520.6,-3616,0,0,0,0
SN:,-9613.8,-3624,0,0,0,0
SN:,-9786.5,-3639.5,0,0,0,0
SN:,-10049.5,-3818,0,0,0,0
SN:,-9908,-3907.5,0,0,0,0
SN:,-9804,-4205,0,0,0,0
SN:,-9874.5,-4139.5,0,0,0,0
SN:,-9702,-4297,0,0,0,0
SN:,-9578,-4217.5,0,0,0,0
SN:,-9340,-4393.5,0,0,0,0
SN:,-9144,-4237,0,0,0,0
SN:,-8980,-4210.5,0,0,0,0
SN:,-8871.5,-4066,0,0,0,0
SN:,-9042.67,-4022,0,0,0,0
SN:,-9097.33,-3956,0,0,0,0
SN:,-1411,-7810,0,0.114628,3.78982,1146.28
SN:,-1365.17,-7910,0,0,0,0
SN:,-1269.33,-7910,0,0,0,0
SN:,-1173.5,-7910,0,0,0,0
SN:,-1077.67,-7910,0,0,0,0
SN:,-981.833,-7910,0,0,0,0
SN:,-1274.75,-7678.75,0,0.0375019,3.89518,375.019
SN:,-920,-7566,0,0.11517,4.0668,1151.7
SN:,-824,-7547,0,0.157034,4.10098,1570.34
SN:,-728,-7528,0,0.199402,4.13149,1994.02
SN:,-632,-7509,0,0.242162,4.15827,2421.62
SN:,-1102.25,-7616.25,0,0.038361,3.98779,383.61
SN:,-458.5,-7480,0,0.175375,2.32247,1753.75
SN:,-561,-7407.5,0,0.143372,1.87793,1433.72
SN:,-268.5,-7440,0,0.214654,2.26539,2146.54
SN:,58,-7339.5,0,0.280391,2.1745,2803.91
SN:,219.333,-7303.33,0,0.30692,2.11046,3069.2
SN:,302.667,-7288.67,0,0.319977,2.07743,3199.77
SN:,469.333,-7274,0,0.342968,2.00937,3429.68
SN:,552.667,-7274,0,0.353713,1.97436,3537.13
SN:,869.667,-7250,0,0.395036,1.86547,3950.36
SN:,966.333,-7215,0,0.629397,2.82792,6293.97
SN:,1166.75,-7152.5,0,0.221084,0.910996,2210.84
SN:,1270.5,-7125,0,0.166283,0.65578,1662.83
SN:,1374.25,-7097.5,0,0.09071,0.343017,907.1
SN:,980.5,-7140,0,0.426894,1.76747,4268.94
SN:,813,-7102.5,0,0.454547,1.75602,4545.47
SN:,641.333,-7110.67,0,0.480802,1.74217,4808.02
SN:,554.667,-7116.33,0,0.493963,1.73435,4939.63
SN:,408,-7019,0,0.49673,1.71696,4967.3
SN:,263,-6889,0,0.46952,1.69726,4695.2
SN:,178,-6862,0,0.451272,1.68656,4512.72
SN:,-15,-6889,0,0.410352,1.66348,4103.52
SN:,-164,-6865.33,0,0.370068,1.6382,3700.68
SN:,-205,-6787.67,0,0.352496,1.62475,3524.96
SN:,-318.5,-6625,0,0.315012,1.59627,3150.12
SN:,-456,-6617.5,0,0.214268,1.21752,2142.68
SN:,-441,-6459,0,0.0680595,0.348202,680.595
SN:,-491,-6378,0,0.0743137,0.362054,743.137
SN:,-616,-6760,0,0.178435,1.15734,1784.35
SN:,-663.5,-6885,0,0.147923,1.09554,1479.23
SN:,-621,-7035,0,0.24045,2.03221,2404.5
SN:,-484,-6229,0,0.0869498,0.389518,869.498
SN:,-427,-6161,0,0.0936161,0.403123,936.161
SN:,-370,-6093,0,0.100506,0.41664,1005.06
SN:,-397,-5932.5,0,0.116374,0.443396,1163.74
SN:,-564.333,-5858.33,0,0.133126,0.469762,1331.26
SN:,-647.667,-5876.67,0,0.141013,0.482792,1410.13
SN:,-814.333,-5819,0,0.158523,0.508531,1585.23
SN:,-897.667,-5743,0,0.16844,0.521234,1684.4
SN:,-1073.75,-5669.25,0,0.187663,0.546295,1876.63
SN:,-1166.5,-5671.5,0,0.197149,0.558647,1971.49
SN:,-1259.25,-5673.75,0,0.206822,0.570876,2068.22
SN:,-1428.33,-5717.33,0,0.226122,0.594955,2261.22
SN:,-1504.67,-5758.67,0,0.235974,0.6068,2359.74
SN:,-4276,-5990,0,0.531186,1.94094,5311.86
SN:,-4334.5,-6063,0,0,0,0
SN:,-4294.5,-5707.5,0,0.634818,2.08266,6348.18
SN:,-4123,-5605,0,0,0,0
SN:,-4036.5,-8977.75,0,0,0,0
SN:,-3960,-8911.5,0,0,0,0
SN:,-3883.5,-8845.25,0,0,0,0
SN:,-3263.73,-8646,0,0.425696,1.97638,4256.96
SN:,-3184.45,-8590,0,0.44438,1.97383,4443.8
SN:,-3105.18,-8534,0,0.462983,1.97116,4629.83
SN:,-3025.91,-8478,0,0.481503,1.96835,4815.03
SN:,-2946.64,-8422,0,0.499936,1.96542,4999.36
SN:,-2867.36,-8366,0,0.518277,1.96236,5182.77
SN:,-2788.09,-8310,0,0.536523,1.95916,5365.23
SN:,-2708.82,-8254,0,0.554671,1.95585,5546.71
SN:,-2629.55,-8198,0,0.572716,1.9524,5727.16
SN:,-2550.27,-8142,0,0.590655,1.94882,5906.55
SN:,-3444,-8727.67,0,0.387032,1.98108,3870.32
SN:,-3545,-8753.33,0,0.366651,1.98324,3666.51
SN:,-2211.43,-7266.57,0,0.60747,3.02882,6074.7
SN:,-2197.86,-7162.14,0,0.647618,3.06688,6476.18
SN:,-2184.29,-7057.71,0,0.688516,3.10468,6885.16
SN:,-2170.71,-6953.29,0,0.730155,3.14222,7301.55
SN:,-2157.14,-6848.86,0,0.772524,3.17949,7725.24
SN:,-2143.57,-6744.43,0,0.815615,3.21649,8156.15
SN:,-2255.75,-7460.38,0,0.467694,1.91563,4676.94
SN:,-2286.5,-7549.75,0,0.572863,1.92023,5728.63
SN:,-2317.25,-7639.12,0,0.678484,1.92469,6784.84
SN:,-2348,-7728.5,0,0.784538,1.92903,7845.38
SN:,-2378.75,-7817.88,0,0.891004,1.93324,8910.04
SN:,-2409.5,-7907.25,0,0.997861,1.93733,9978.61
SN:,-2440.25,-7996.62,0,1.10509,1.94129,11050.9
SN:,-2125.38,-6540.62,0,0.900173,3.28965,9001.73
SN:,-2120.76,-6441.24,0,0.943198,3.32579,9431.98
SN:,-2116.14,-6341.86,0,0.986855,3.36164,9868.55
SN:,-2111.52,-6242.48,0,1.03114,3.39719,10311.4
SN:,-2106.9,-6143.1,0,1.07603,3.43243,10760.3
SN:,-2102.28,-6043.72,0,1.12152,3.46735,11215.2
SN:,-2097.66,-5944.34,0,1.1676,3.50196,11676
SN:,-2093.03,-5844.97,0,1.21426,3.53624,12142.6
SN:,-2088.41,-5745.59,0,1.26149,3.57019,12614.9
SN:,-2083.79,-5646.21,0,1.30927,3.60381,13092.7
SN:,-2079.17,-5546.83,0,1.3576,3.63709,13576
SN:,-2074.55,-5447.45,0,1.40645,3.67001,14064.5
SN:,-2069.93,-5348.07,0,1.45582,3.70259,14558.2
SN:,-2065.31,-5248.69,0,1.5057,3.73481,15057
SN:,-2060.69,-5149.31,0,1.55607,3.76667,15560.7
SN:,-2056.07,-5049.93,0,1.60692,3.79816,16069.2
SN:,-2051.45,-4950.55,0,1.65823,3.82928,16582.3
SN:,-2046.83,-4851.17,0,1.71,3.86002,17100
SN:,-2042.21,-4751.79,0,1.76221,3.89037,17622.1
SN:,-2037.59,-4652.41,0,1.81484,3.92034,18148.4
SN:,-2032.97,-4553.03,0,1.86788,3.94992,18678.8
SN:,-2028.34,-4453.66,0,1.92132,3.97909,19213.2
SN:,-2023.72,-4354.28,0,1.97514,4.00787,19751.4
SN:,-2019.1,-4254.9,0,2.02933,4.03623,20293.3
SN:,-2014.48,-4155.52,0,2.08388,4.06418,20838.8
SN:,-2009.86,-4056.14,0,2.13876,4.09172,21387.6
SN:,-2005.24,-3956.76,0,2.19397,4.11883,21939.7
SN:,-2000.62,-3857.38,0,2.24948,4.14552,22494.8
SN:,-2033.53,-3665.08,0,3.49376,4.19759,34937.6
SN:,-2071.06,-3572.15,0,3.47253,4.22297,34725.3
SN:,-2108.58,-3479.23,0,3.45043,4.2479,34504.3
SN:,-2146.11,-3386.3,0,3.42747,4.27239,34274.7
SN:,-2183.64,-3293.38,0,3.40365,4.29642,34036.5
SN:,-2221.17,-3200.45,0,3.379,4.31999,33790
SN:,-2258.7,-3107.53,0,3.35352,4.3431,33535.2
SN:,-2296.23,-3014.6,0,3.32722,4.36574,33272.2
SN:,-2333.75,-2921.68,0,3.30011,4.38791,33001.1
SN:,-2371.28,-2828.75,0,3.2722,4.40961,32722
SN:,-2408.81,-2735.83,0,3.24351,4.43083,32435.1
SN:,-2446.34,-2642.91,0,3.21405,4.45157,32140.5
SN:,-2483.87,-2549.98,0,3.18382,4.47183,31838.2
SN:,-2521.4,-2457.06,0,3.15284,4.49159,31528.4
SN:,-2558.92,-2364.13,0,3.12113,4.51086,31211.3
SN:,-2596.45,-2271.21,0,3.08869,4.52963,30886.9
SN:,-2633.98,-2178.28,0,3.05554,4.54791,30555.4
SN:,-2671.51,-2085.36,0,3.02168,4.56568,30216.8
SN:,-2709.04,-1992.43,0,2.98714,4.58294,29871.4
SN:,-2746.57,-1899.51,0,2.95193,4.59969,29519.3
SN:,-2784.09,-1806.58,0,2.91606,4.61593,29160.6
SN:,-2821.62,-1713.66,0,2.87953,4.63165,28795.3
SN:,-2859.15,-1620.74,0,2.84238,4.64685,28423.8
SN:,-2896.68,-1527.81,0,2.8046,4.66153,28046
SN:,-2934.21,-1434.89,0,2.76622,4.67568,27662.2
SN:,-2971.74,-1341.96,0,2.72725,4.6893,27272.5
SN:,-3009.26,-1249.04,0,2.6877,4.70239,26877
SN:,-3046.79,-1156.11,0,2.64759,4.71495,26475.9
SN:,-3084.32,-1063.19,0,2.60693,4.72696,26069.3
SN:,-3121.85,-970.264,0,2.56574,4.73844,25657.4
SN:,-3159.38,-877.34,0,2.52403,4.74938,25240.3
SN:,-3196.91,-784.415,0,2.48181,4.75977,24818.1
SN:,-3234.43,-691.491,0,2.43911,4.76962,24391.1
SN:,-3271.96,-598.566,0,2.39594,4.77891,23959.4
SN:,-3309.49,-505.642,0,2.3523,4.78766,23523
SN:,-3347.02,-412.717,0,2.30823,4.79585,23082.3
SN:,-3384.55,-319.792,0,2.26373,4.80348,22637.3
SN:,-3422.08,-226.868,0,2.21881,4.81056,22188.1
SN:,-3459.6,-133.943,0,2.17351,4.81708,21735.1
SN:,-3497.13,-41.0189,0,2.12782,4.82303,21278.2
SN:,-3534.66,51.9057,0,2.08178,4.82843,20817.8
SN:,-3572.19,144.83,0,2.03538,4.83325,20353.8
SN:,-3609.72,237.755,0,1.98866,4.83752,19886.6
SN:,-3647.25,330.679,0,1.94162,4.84121,19416.2
SN:,-3684.77,423.604,0,1.89429,4.84434,18942.9
SN:,-3722.3,516.528,0,1.84668,4.84689,18466.8
SN:,-3759.83,609.453,0,1.7988,4.84887,17988
SN:,-3797.36,702.377,0,1.75068,4.85028,17506.8
SN:,-3834.89,795.302,0,1.70233,4.85112,17023.3
SN:,-3872.42,888.226,0,1.65376,4.85138,16537.6
SN:,-3909.94,981.151,0,1.605,4.85107,16050
SN:,-3947.47,1074.08,0,1.55607,4.85017,15560.7
SN:,-3977.67,1261.67,0,1.46176,4.84666,14617.6
SN:,-3970.33,1356.33,0,1.41468,4.84404,14146.8
SN:,-3963,1451,0,1.36749,4.84083,13674.9
SN:,-3955.67,1545.67,0,1.32021,4.83705,13202.1
SN:,-3948.33,1640.33,0,1.27284,4.83268,12728.4
SN:,-3846.75,2617,0,0,0,0
SN:,-3824.5,2710,0,0,0,0
SN:,-3802.25,2803,0,0,0,0
SN:,-3878.83,2416.17,0,0,0,0
SN:,-3888.67,2308.33,0,0,0,0
SN:,-3898.5,2200.5,0,0,0,0
SN:,-3908.33,2092.67,0,0,0,0
SN:,-3918.17,1984.83,0,0,0,0
SN:,-3742.2,2997,0,0,0,0
SN:,-3704.4,3098,0,0,0,0
SN:,-3666.6,3199,0,0,0,0
SN:,-3628.8,3300,0,0,0,0
SN:,-3539,3470.67,0,0,0,0
SN:,-3487,3540.33,0,0,0,0
SN:,-3238,3898.4,0,0,0,0
SN:,-3179,3972.8,0,0,0,0
SN:,-3120,4047.2,0,0,0,0
SN:,-3061,4121.6,0,0,0,0
SN:,-3343,3752.67,0,0,0,0
SN:,-3389,3681.33,0,0,0,0
SN:,-2936.14,4265.86,0,0,0,0
SN:,-2870.29,4335.71,0,0,0,0
SN:,-2804.43,4405.57,0,0,0,0
SN:,-2738.57,4475.43,0,0,0,0
SN:,-2672.71,4545.29,0,0,0,0
SN:,-2606.86,4615.14,0,0,0,0
SN:,-2805.8,3552,0,0,0,0
SN:,-2714.6,3542,0,0,0,0
SN:,-2623.4,3532,0,0,0,0
SN:,-2532.2,3522,0,0,0,0
SN:,-2343.43,3501.71,0,0,0,0
SN:,-2245.86,3491.43,0,0,0,0
SN:,-2148.29,3481.14,0,0,0,0
SN:,-2050.71,3470.86,0,0,0,0
SN:,-1953.14,3460.57,0,0,0,0
SN:,-1855.57,3450.29,0,0,0,0
SN:,-1654.6,3435.6,0,0,0,0
SN:,-1551.2,3431.2,0,0,0,0
SN:,-1447.8,3426.8,0,0,0,0
SN:,-1344.4,3422.4,0,0,0,0
SN:,-1739.5,3534,0,0,0,0
SN:,-1143.2,3412.4,0,0,0,0
SN:,-1045.4,3406.8,0,0,0,0
SN:,-947.6,3401.2,0,0,0,0
SN:,-849.8,3395.6,0,0,0,0
SN:,-658.8,3397.8,0,0,0,0
SN:,-565.6,3405.6,0,0,0,0
SN:,-472.4,3413.4,0,0,0,0
SN:,-379.2,3421.2,0,0,0,0
SN:,-186.167,3451.17,0,0,0,0
SN:,-86.3333,3473.33,0,0,0,0
SN:,13.5,3495.5,0,0,0,0
SN:,113.333,3517.67,0,0,0,0
SN:,213.167,3539.83,0,0,0,0
SN:,395,3612,0,0,0,0
SN:,477,3662,0,0,0,0
SN:,559,3712,0,0,0,0
SN:,708.8,3847.6,0,0,0,0
SN:,776.6,3933.2,0,0,0,0
SN:,844.4,4018.8,0,0,0,0
SN:,912.2,4104.4,0,0,0,0
SN:,1082.5,4257,0,0,0,0
SN:,1299,4368,0,0,0,0
SN:,1510.33,4412,0,0,0,0
SN:,1607.67,4412,0,0,0,0
SN:,1705,4412,0,0,0,0
SN:,1802.33,4412,0,0,0,0
SN:,1899.67,4412,0,0.832144,1,8321.44
SN:,2091.25,4417.75,0,1.67743,1.97094,16774.3
SN:,2185.5,4423.5,0,1.65657,1.92484,16565.7
SN:,2279.75,4429.25,0,1.60542,1.84495,16054.2
SN:,2457.5,4437.5,0,1.4115,1.58976,14115
SN:,2655,4429,0,1.11037,1.22293,11103.7
SN:,2864.75,4393,0,0.71536,0.77002,7153.6
SN:,2960.5,4368,0,0.489321,0.521048,4893.21
SN:,3056.25,4343,0,0.249499,0.262852,2494.99
SN:,2741,4318,0,0,0,0
SN:,2702,4118,0,0,0,0
SN:,2646.5,3948.5,0,0,0,0
SN:,2476,3710.67,0,0,0,0
SN:,2389,3686.33,0,0,0,0
SN:,2196.33,3645.33,0,0,0,0
SN:,2090.67,3628.67,0,0,0,0
SN:,-3540,1838,0,0,0,0
SN:,-3932.5,1804,0,0.221499,0.933855,2214.99
SN:,-6130,-6181.67,0,0,0,0
SN:,-6026,-6175.33,0,0,0,0
SN:,-5838,-6158.5,0,0,0,0
SN:,-7708,-4401.5,0,0,0,0
SN:,-7688,-4610,0,0,0,0
SN:,-7635,-4698,0,0,0,0
SN:,-8190.5,25,0,0,0,0
SN:,-8185,436,0,0,0,0
SN:,-8132.33,-3027.33,0,0,0,0
SN:,-8214.67,-3000.67,0,0,0,0
SN:,-8338.5,-3050.5,0,0,0,0
SN:,-8502.33,-1008,0,0,0,0
SN:,-8586.67,-1012,0,0,0,0
SN:,-6754.5,-1138.5,0,0,0,0
SN:,-5154,-6237.5,0,0,0,0
SN:,-4300,-2054.33,0,0,0,0
SN:,-4286,-2160.67,0,0,0,0
SN:,-4410,-1431.6,0,0,0,0
SN:,-4397,-1525.2,0,0,0,0
SN:,-4384,-1618.8,0,0,0,0
SN:,-4371,-1712.4,0,0,0,0
SN:,-4439.5,-1218,0,0,0,0
SN:,-4520.5,-109.5,0,0.641842,1.98943,6418.42
SN:,-4526.5,-328,0,0.594745,1.9836,5947.45
SN:,-4524,-430,0,0.573322,1.9802,5733.22
SN:,-4521.5,-532,0,0.55188,1.97649,5518.8
SN:,-4264.33,-2358,0,0,0,0
SN:,-4256.67,-2449,0,0,0,0
SN:,-4234.67,-2642,0,0.300409,1,3004.09
SN:,-4220.33,-2744,0,0.304706,0.99989,3047.06
SN:,-4359,-1078.5,0,0,0,0
SN:,-8079,-3417.5,0,0,0,0
SN:,-3012.5,-7477,0,0,0,0
SN:,-3937.5,1804.5,0,0,0,0
SN:,-3736,1791,0,4.51092,3.88226,45109.2
SN:,-3731,1863,0,0.19533,0.905094,1953.3
SN:,-3546.5,1838,0,0.276269,0.876095,2762.69
SN:,-3726.5,-8779,0,0,0,0
SN:,-3836.5,-8692,0,2.86707,1.98893,28670.7
SN:,-3871,-8850.33,0,0,0,0
SN:,-3786,-8851.67,0,0,0,0
SN:,-3740.5,-8765,0,0,0,0
SN:,-2300.5,-6529.5,0,0,0,0
SN:,-2462,-6620,0,0,0,0
SN:,-2745.5,-6937.5,0,0,0,0
SN:,-2782,-7084.5,0,0,0,0
SN:,-4356,-7563.5,0,0,0,0
SN:,-6241,-1508,0,0,0,0
SN:,-6145.5,-1761.5,0,0,0,0
SN:,-6201.33,-2033,0,0,0,0
SN:,-6192.67,-2134,0,0,0,0
SN:,-6204,-2340,0,0,0,0
SN:,-4635.67,3765.33,0,0,0,0
SN:,-4616.33,3857.67,0,0,0,0
SN:,-4814,3659.75,0,0,0,0
SN:,-4918,3664.5,0,0,0,0
SN:,-5022,3669.25,0,0,0,0
SN:,-5235,3674,0,0,0,0
SN:,-5344,3674,0,0,0,0
SN:,-5728,3632.67,0,0,0,0
SN:,-5826,3610.33,0,0,0,0
SN:,-5541.5,3664.5,0,0,0,0
SN:,-6056.75,3433.75,0,0,0,0
SN:,-6106.5,3354.5,0,0,0,0
SN:,-6156.25,3275.25,0,0,0,0
SN:,-6363,3062,0,0,0,0
SN:,-7228.25,2728,0,0,0,0
SN:,-7140.5,2741,0,0,0,0
SN:,-7052.75,2754,0,0,0,0
SN:,-7590,2679.5,0,0,0,0
SN:,-7783.5,2622.5,0,0,0,0
SN:,-7979,2556.5,0,0,0,0
SN:,-8142.5,2455.25,0,0,0,0
SN:,-8215,2395.5,0,0,0,0
SN:,-8287.5,2335.75,0,0,0,0
SN:,-8447,2190,0,0,0,0
SN:,-7470.5,2751.5,0,0,0,0
SN:,-6858,2806,0,0,0,0
SN:,-4455.5,3655.5,0,0,0,0
SN:,-3829.33,3612.5,0,0,0,0
SN:,-3936.67,3621,0,0,0,0
SN:,-4044,3629.5,0,0,0,0
SN:,-4151.33,3638,0,0,0,0
SN:,-4258.67,3646.5,0,0,0,0
SN:,-8046.62,1663,0,0,0,0
SN:,-8116.25,1726,0,0,0,0
SN:,-8185.88,1789,0,0.0614152,1,614.152
SN:,-8255.5,1852,0,0.0702307,0.989821,702.307
SN:,-8325.12,1915,0,0.0772302,0.959493,772.302
SN:,-8394.75,1978,0,0.0818927,0.909632,818.927
SN:,-8464.38,2041,0,0.0837603,0.841254,837.603
SN:,-7322.71,2090.57,0,0,0,0
SN:,-7346.43,2188.14,0,0,0,0
SN:,-7370.14,2285.71,0,0,0,0
SN:,-7393.86,2383.29,0,0,0,0
SN:,-7417.57,2480.86,0,0,0,0
SN:,-7441.29,2578.43,0,0,0,0
SN:,-3122,3413.5,0,0,0,0
SN:,-4966.67,-1792,0,0,0,0
SN:,-4874.33,-1781,0,0,0,0
